2025-10-22 17:42:14 | INFO | 启动 DrissionPage 模拟器，间隔=300 秒，关键词=国药准字H, 国药准字S, 国药准字Z，模式=循环
2025-10-22 17:42:14 | INFO | ===== 自动化循环 #1 开始 =====
2025-10-22 17:42:14 | INFO | 初始化 DrissionPage 有头浏览器 ...
2025-10-22 17:42:14 | ERROR | 自动化循环异常：'ChromiumOptions' object has no attribute 'set_prefers'
Traceback (most recent call last):
  File "/home/langchao6/projects/taya/nmpa/nmpa_drission/automation.py", line 146, in run
    self.perform_cycle()
  File "/home/langchao6/projects/taya/nmpa/nmpa_drission/automation.py", line 120, in perform_cycle
    page = self._ensure_page()
           ^^^^^^^^^^^^^^^^^^^
  File "/home/langchao6/projects/taya/nmpa/nmpa_drission/automation.py", line 36, in _ensure_page
    opts.set_prefers({"intl.accept_languages": "zh-CN,zh"})
    ^^^^^^^^^^^^^^^^
AttributeError: 'ChromiumOptions' object has no attribute 'set_prefers'. Did you mean: 'set_pref'?
2025-10-22 17:42:14 | INFO | 循环 #1 完成，等待 300.0 秒进入下一轮。
2025-10-22 18:01:50 | INFO | 启动 DrissionPage 模拟器，间隔=300 秒，关键词=国药准字H, 国药准字S, 国药准字Z，模式=循环
2025-10-22 18:01:50 | INFO | ===== 自动化循环 #1 开始 =====
2025-10-22 18:01:50 | INFO | 初始化 DrissionPage 浏览器 ...
2025-10-22 18:01:51 | INFO | 模拟关键词：国药准字S
2025-10-22 18:01:53 | INFO | 使用 URL 参数搜索：国药准字S
2025-10-22 18:02:17 | INFO | 未检测到搜索结果，尝试在页面中查找搜索框进行手动搜索
2025-10-22 18:02:52 | WARNING | 未找到搜索输入框和搜索结果，继续执行其他操作
2025-10-22 18:03:17 | INFO | 未找到详情链接。
2025-10-22 18:03:36 | INFO | 未找到下一页按钮。
2025-10-22 18:03:37 | INFO | 循环 #1 完成，等待 192.3 秒进入下一轮。
2025-10-22 18:06:50 | INFO | ===== 自动化循环 #2 开始 =====
2025-10-22 18:06:50 | INFO | 模拟关键词：国药准字S
2025-10-22 18:06:52 | INFO | 使用 URL 参数搜索：国药准字S
2025-10-22 18:07:15 | INFO | 未检测到搜索结果，尝试在页面中查找搜索框进行手动搜索
2025-10-22 18:07:50 | WARNING | 未找到搜索输入框和搜索结果，继续执行其他操作
2025-10-22 18:08:13 | INFO | 未找到详情链接。
2025-10-22 18:08:32 | INFO | 未找到下一页按钮。
2025-10-22 18:08:33 | INFO | 循环 #2 完成，等待 196.6 秒进入下一轮。
2025-10-22 18:10:51 | INFO | 关闭浏览器。
2025-10-22 18:18:08 | INFO | 启动 DrissionPage 模拟器，间隔=300 秒，关键词=国药准字H, 国药准字S, 国药准字Z，模式=循环
2025-10-22 18:18:08 | INFO | ===== 自动化循环 #1 开始 =====
2025-10-22 18:18:08 | INFO | 初始化 DrissionPage 有头浏览器 ...
2025-10-22 18:18:08 | ERROR | 自动化循环异常：'ChromiumOptions' object has no attribute 'set_prefers'
Traceback (most recent call last):
  File "/home/langchao6/projects/taya/nmpa/nmpa_drission/automation.py", line 173, in run
    self.perform_cycle()
  File "/home/langchao6/projects/taya/nmpa/nmpa_drission/automation.py", line 148, in perform_cycle
    page = self._ensure_page()
           ^^^^^^^^^^^^^^^^^^^
  File "/home/langchao6/projects/taya/nmpa/nmpa_drission/automation.py", line 35, in _ensure_page
    opts.set_prefers({"intl.accept_languages": "zh-CN,zh"})
    ^^^^^^^^^^^^^^^^
AttributeError: 'ChromiumOptions' object has no attribute 'set_prefers'. Did you mean: 'set_pref'?
2025-10-22 18:18:08 | INFO | 循环 #1 完成，等待 300.0 秒进入下一轮。
2025-10-22 18:23:29 | INFO | 启动 DrissionPage 模拟器，间隔=300 秒，关键词=国药准字H, 国药准字S, 国药准字Z，模式=循环
2025-10-22 18:23:29 | INFO | ===== 自动化循环 #1 开始 =====
2025-10-22 18:23:29 | INFO | 初始化 DrissionPage 有头浏览器 ...
2025-10-22 18:23:59 | ERROR | 自动化循环异常：
The browser connection fails.
Address: 127.0.0.1:9222
Tip: 
1, the user folder does not conflict with the open browser 
2, if no interface system, please add '--headless=new' startup parameter 
3, if the system is Linux, try adding '--no-sandbox' boot parameter 
The port and user folder paths can be set using ChromiumOptions.
Version: 4.1.1.2
Traceback (most recent call last):
  File "/home/langchao6/projects/taya/nmpa/nmpa_drission/automation.py", line 176, in run
    self.perform_cycle()
  File "/home/langchao6/projects/taya/nmpa/nmpa_drission/automation.py", line 151, in perform_cycle
    page = self._ensure_page()
           ^^^^^^^^^^^^^^^^^^^
  File "/home/langchao6/projects/taya/nmpa/nmpa_drission/automation.py", line 39, in _ensure_page
    page = ChromiumPage(addr_or_opts=opts)
           ^^^^^^^^^^^^^^^^^^^^^^^^^^^^^^^
  File "/home/langchao6/anaconda3/lib/python3.12/site-packages/DrissionPage/_pages/chromium_page.py", line 23, in __new__
    browser = Chromium(addr_or_opts=addr_or_opts)
              ^^^^^^^^^^^^^^^^^^^^^^^^^^^^^^^^^^^
  File "/home/langchao6/anaconda3/lib/python3.12/site-packages/DrissionPage/_base/chromium.py", line 41, in __new__
    is_headless, browser_id, is_exists, ws_only = run_browser(opt)
                                                  ^^^^^^^^^^^^^^^^
  File "/home/langchao6/anaconda3/lib/python3.12/site-packages/DrissionPage/_base/chromium.py", line 501, in run_browser
    is_exists = connect_browser(chromium_options)
                ^^^^^^^^^^^^^^^^^^^^^^^^^^^^^^^^^
  File "/home/langchao6/anaconda3/lib/python3.12/site-packages/DrissionPage/_functions/browser.py", line 58, in connect_browser
    raise BrowserConnectError(ADDRESS=address, TIP=_S._lang.BROWSER_CONNECT_ERR_INFO)
DrissionPage.errors.BrowserConnectError: 
The browser connection fails.
Address: 127.0.0.1:9222
Tip: 
1, the user folder does not conflict with the open browser 
2, if no interface system, please add '--headless=new' startup parameter 
3, if the system is Linux, try adding '--no-sandbox' boot parameter 
The port and user folder paths can be set using ChromiumOptions.
Version: 4.1.1.2
2025-10-22 18:23:59 | INFO | 循环 #1 完成，等待 269.9 秒进入下一轮。
2025-10-22 18:27:07 | INFO | 启动 DrissionPage 模拟器，间隔=300 秒，关键词=国药准字H, 国药准字S, 国药准字Z，模式=循环
2025-10-22 18:27:07 | INFO | ===== 自动化循环 #1 开始 =====
2025-10-22 18:27:07 | INFO | 初始化 DrissionPage 有头浏览器 ...
2025-10-22 18:27:09 | ERROR | 自动化循环异常：Handshake status 404 Not Found -+-+- {'content-length': '0', 'content-type': 'text/html'} -+-+- b''
Traceback (most recent call last):
  File "/home/langchao6/projects/taya/nmpa/nmpa_drission/automation.py", line 192, in run
    self.perform_cycle()
  File "/home/langchao6/projects/taya/nmpa/nmpa_drission/automation.py", line 167, in perform_cycle
    page = self._ensure_page()
           ^^^^^^^^^^^^^^^^^^^
  File "/home/langchao6/projects/taya/nmpa/nmpa_drission/automation.py", line 52, in _ensure_page
    page = ChromiumPage(addr_or_opts=opts)
           ^^^^^^^^^^^^^^^^^^^^^^^^^^^^^^^
  File "/home/langchao6/anaconda3/lib/python3.12/site-packages/DrissionPage/_pages/chromium_page.py", line 23, in __new__
    browser = Chromium(addr_or_opts=addr_or_opts)
              ^^^^^^^^^^^^^^^^^^^^^^^^^^^^^^^^^^^
  File "/home/langchao6/anaconda3/lib/python3.12/site-packages/DrissionPage/_base/chromium.py", line 96, in __init__
    self._driver = BrowserDriver(self.id, self._ws_address, self)
                   ^^^^^^^^^^^^^^^^^^^^^^^^^^^^^^^^^^^^^^^^^^^^^^
  File "/home/langchao6/anaconda3/lib/python3.12/site-packages/DrissionPage/_base/driver.py", line 214, in __init__
    super().__init__(_id, address, owner)
  File "/home/langchao6/anaconda3/lib/python3.12/site-packages/DrissionPage/_base/driver.py", line 49, in __init__
    self.start()
  File "/home/langchao6/anaconda3/lib/python3.12/site-packages/DrissionPage/_base/driver.py", line 159, in start
    self._ws = create_connection(self.address, enable_multithread=True, suppress_origin=True)
               ^^^^^^^^^^^^^^^^^^^^^^^^^^^^^^^^^^^^^^^^^^^^^^^^^^^^^^^^^^^^^^^^^^^^^^^^^^^^^^
  File "/home/langchao6/anaconda3/lib/python3.12/site-packages/websocket/_core.py", line 646, in create_connection
    websock.connect(url, **options)
  File "/home/langchao6/anaconda3/lib/python3.12/site-packages/websocket/_core.py", line 261, in connect
    self.handshake_response = handshake(self.sock, url, *addrs, **options)
                              ^^^^^^^^^^^^^^^^^^^^^^^^^^^^^^^^^^^^^^^^^^^^
  File "/home/langchao6/anaconda3/lib/python3.12/site-packages/websocket/_handshake.py", line 65, in handshake
    status, resp = _get_resp_headers(sock)
                   ^^^^^^^^^^^^^^^^^^^^^^^
  File "/home/langchao6/anaconda3/lib/python3.12/site-packages/websocket/_handshake.py", line 150, in _get_resp_headers
    raise WebSocketBadStatusException(
websocket._exceptions.WebSocketBadStatusException: Handshake status 404 Not Found -+-+- {'content-length': '0', 'content-type': 'text/html'} -+-+- b''
2025-10-22 18:27:09 | INFO | 循环 #1 完成，等待 298.1 秒进入下一轮。
2025-10-22 18:35:44 | INFO | 启动 DrissionPage 模拟器，间隔=300 秒，关键词=国药准字H, 国药准字S, 国药准字Z，模式=循环
2025-10-22 18:35:44 | INFO | ===== 自动化循环 #1 开始 =====
2025-10-22 18:35:44 | INFO | 初始化 DrissionPage 有头浏览器 ...
2025-10-22 18:36:00 | INFO | 模拟关键词：国药准字Z
2025-10-22 18:36:27 | INFO | 未找到详情链接。
2025-10-22 18:36:42 | INFO | 未找到下一页按钮。
2025-10-22 18:36:42 | ERROR | 自动化循环异常：Scroller.to_bottom() got an unexpected keyword argument 'ratio'
Traceback (most recent call last):
  File "/home/langchao6/projects/taya/nmpa/nmpa_drission/automation.py", line 192, in run
    self.perform_cycle()
  File "/home/langchao6/projects/taya/nmpa/nmpa_drission/automation.py", line 180, in perform_cycle
    page.scroll.to_bottom(ratio=random.uniform(0.3, 0.9))
TypeError: Scroller.to_bottom() got an unexpected keyword argument 'ratio'
2025-10-22 18:36:42 | INFO | 循环 #1 完成，等待 241.9 秒进入下一轮。
2025-10-22 18:39:42 | INFO | 关闭浏览器。
2025-10-22 18:39:46 | INFO | 启动 DrissionPage 模拟器，间隔=300 秒，关键词=国药准字H, 国药准字S, 国药准字Z，模式=循环
2025-10-22 18:39:46 | INFO | ===== 自动化循环 #1 开始 =====
2025-10-22 18:39:46 | INFO | 初始化 DrissionPage 有头浏览器 ...
2025-10-22 18:39:55 | INFO | 模拟关键词：国药准字Z
2025-10-22 18:40:22 | INFO | 未找到详情链接。
2025-10-22 18:40:31 | INFO | 翻页完成，尝试新页详情。
2025-10-22 18:40:47 | INFO | 未找到详情链接。
2025-10-22 18:40:47 | ERROR | 自动化循环异常：Scroller.to_bottom() got an unexpected keyword argument 'ratio'
Traceback (most recent call last):
  File "/home/langchao6/projects/taya/nmpa/nmpa_drission/automation.py", line 193, in run
    self.perform_cycle()
  File "/home/langchao6/projects/taya/nmpa/nmpa_drission/automation.py", line 181, in perform_cycle
    page.scroll.to_bottom(ratio=random.uniform(0.3, 0.9))
TypeError: Scroller.to_bottom() got an unexpected keyword argument 'ratio'
2025-10-22 18:40:47 | INFO | 循环 #1 完成，等待 239.9 秒进入下一轮。
2025-10-22 18:44:46 | INFO | ===== 自动化循环 #2 开始 =====
2025-10-22 18:44:46 | INFO | 模拟关键词：国药准字S
2025-10-22 18:45:19 | INFO | 未找到详情链接。
2025-10-22 18:45:30 | INFO | 翻页完成，尝试新页详情。
2025-10-22 18:45:46 | INFO | 未找到详情链接。
2025-10-22 18:45:46 | ERROR | 自动化循环异常：Scroller.to_bottom() got an unexpected keyword argument 'ratio'
Traceback (most recent call last):
  File "/home/langchao6/projects/taya/nmpa/nmpa_drission/automation.py", line 193, in run
    self.perform_cycle()
  File "/home/langchao6/projects/taya/nmpa/nmpa_drission/automation.py", line 181, in perform_cycle
    page.scroll.to_bottom(ratio=random.uniform(0.3, 0.9))
TypeError: Scroller.to_bottom() got an unexpected keyword argument 'ratio'
2025-10-22 18:45:46 | INFO | 循环 #2 完成，等待 240.4 秒进入下一轮。
2025-10-22 18:49:46 | INFO | ===== 自动化循环 #3 开始 =====
2025-10-22 18:49:46 | INFO | 模拟关键词：国药准字H
2025-10-22 18:50:19 | INFO | 未找到详情链接。
2025-10-22 18:50:30 | INFO | 翻页完成，尝试新页详情。
2025-10-22 18:50:46 | INFO | 未找到详情链接。
2025-10-22 18:50:46 | ERROR | 自动化循环异常：Scroller.to_bottom() got an unexpected keyword argument 'ratio'
Traceback (most recent call last):
  File "/home/langchao6/projects/taya/nmpa/nmpa_drission/automation.py", line 193, in run
    self.perform_cycle()
  File "/home/langchao6/projects/taya/nmpa/nmpa_drission/automation.py", line 181, in perform_cycle
    page.scroll.to_bottom(ratio=random.uniform(0.3, 0.9))
TypeError: Scroller.to_bottom() got an unexpected keyword argument 'ratio'
2025-10-22 18:50:46 | INFO | 循环 #3 完成，等待 240.4 秒进入下一轮。
2025-10-22 18:54:17 | INFO | 关闭浏览器。
2025-10-22 18:54:21 | INFO | 启动 DrissionPage 模拟器，间隔=300 秒，关键词=国药准字H, 国药准字S, 国药准字Z，模式=循环
2025-10-22 18:54:21 | INFO | ===== 自动化循环 #1 开始 =====
2025-10-22 18:54:21 | INFO | 初始化 DrissionPage 有头浏览器 ...
2025-10-22 18:54:30 | INFO | 模拟关键词：国药准字H
2025-10-22 18:54:52 | INFO | 翻页完成。
2025-10-22 18:54:52 | ERROR | 自动化循环异常：Scroller.to_bottom() got an unexpected keyword argument 'ratio'
Traceback (most recent call last):
  File "/home/langchao6/projects/taya/nmpa/nmpa_drission/automation.py", line 189, in run
    self.perform_cycle()
  File "/home/langchao6/projects/taya/nmpa/nmpa_drission/automation.py", line 177, in perform_cycle
    page.scroll.to_bottom(ratio=random.uniform(0.3, 0.9))
TypeError: Scroller.to_bottom() got an unexpected keyword argument 'ratio'
2025-10-22 18:54:52 | INFO | 循环 #1 完成，等待 268.6 秒进入下一轮。
2025-10-22 18:56:07 | INFO | 关闭浏览器。
2025-10-22 18:56:11 | INFO | 启动 DrissionPage 模拟器，间隔=300 秒，关键词=国药准字H, 国药准字S, 国药准字Z，模式=循环
2025-10-22 18:56:11 | INFO | ===== 自动化循环 #1 开始 =====
2025-10-22 18:56:11 | INFO | 初始化 DrissionPage 有头浏览器 ...
2025-10-22 18:56:21 | INFO | 模拟关键词：国药准字S
2025-10-22 18:56:43 | INFO | 翻页完成。
2025-10-22 18:56:44 | INFO | 循环 #1 完成，等待 267.1 秒进入下一轮。
2025-10-22 19:01:11 | INFO | ===== 自动化循环 #2 开始 =====
2025-10-22 19:01:11 | INFO | 模拟关键词：国药准字Z
2025-10-22 19:01:34 | INFO | 翻页完成。
2025-10-22 19:01:35 | INFO | 循环 #2 完成，等待 276.2 秒进入下一轮。
2025-10-22 19:06:11 | INFO | ===== 自动化循环 #3 开始 =====
2025-10-22 19:06:11 | INFO | 模拟关键词：国药准字Z
2025-10-22 19:06:34 | INFO | 翻页完成。
2025-10-22 19:06:35 | INFO | 循环 #3 完成，等待 275.8 秒进入下一轮。
2025-10-22 19:11:11 | INFO | ===== 自动化循环 #4 开始 =====
2025-10-22 19:11:11 | INFO | 模拟关键词：国药准字Z
2025-10-22 19:11:33 | INFO | 翻页完成。
2025-10-22 19:11:35 | INFO | 循环 #4 完成，等待 276.2 秒进入下一轮。
2025-10-22 19:16:11 | INFO | ===== 自动化循环 #5 开始 =====
2025-10-22 19:16:11 | INFO | 模拟关键词：国药准字H
2025-10-22 19:16:33 | INFO | 翻页完成。
2025-10-22 19:16:35 | INFO | 循环 #5 完成，等待 275.9 秒进入下一轮。
2025-10-22 19:21:11 | INFO | ===== 自动化循环 #6 开始 =====
2025-10-22 19:21:11 | INFO | 模拟关键词：国药准字S
2025-10-22 19:21:32 | INFO | 翻页完成。
2025-10-22 19:21:34 | INFO | 循环 #6 完成，等待 277.3 秒进入下一轮。
2025-10-22 19:26:11 | INFO | ===== 自动化循环 #7 开始 =====
2025-10-22 19:26:11 | INFO | 模拟关键词：国药准字S
2025-10-22 19:26:34 | INFO | 翻页完成。
2025-10-22 19:26:35 | INFO | 循环 #7 完成，等待 275.5 秒进入下一轮。
2025-10-22 19:31:11 | INFO | ===== 自动化循环 #8 开始 =====
2025-10-22 19:31:11 | INFO | 模拟关键词：国药准字S
2025-10-22 19:31:34 | INFO | 翻页完成。
2025-10-22 19:31:35 | INFO | 循环 #8 完成，等待 276.1 秒进入下一轮。
2025-10-22 19:34:07 | INFO | 关闭浏览器。
2025-10-22 19:36:17 | INFO | 启动 DrissionPage 模拟器，间隔=300 秒，关键词=国药准字H, 国药准字S, 国药准字Z，模式=循环
2025-10-22 19:36:17 | INFO | ===== 自动化循环 #1 开始 =====
2025-10-22 19:36:17 | INFO | 初始化 DrissionPage 有头浏览器 ...
2025-10-22 19:36:25 | INFO | 模拟关键词：国药准字S
2025-10-22 19:36:46 | INFO | 翻页完成。
2025-10-22 19:36:48 | INFO | 循环 #1 完成，等待 269.3 秒进入下一轮。
2025-10-22 19:37:51 | INFO | 关闭浏览器。
2025-10-22 19:38:09 | INFO | 启动 DrissionPage 模拟器，间隔=1800 秒，关键词=国药准字H, 国药准字S, 国药准字Z，模式=循环
2025-10-22 19:38:09 | INFO | ===== 自动化循环 #1 开始 =====
2025-10-22 19:38:09 | INFO | 初始化 DrissionPage 有头浏览器 ...
2025-10-22 19:38:17 | INFO | 模拟关键词：国药准字H
2025-10-22 19:38:37 | INFO | 翻页完成。
2025-10-22 19:38:38 | INFO | 循环 #1 完成，等待 1771.1 秒进入下一轮。
2025-10-22 20:08:09 | INFO | ===== 自动化循环 #2 开始 =====
2025-10-22 20:08:10 | INFO | 模拟关键词：国药准字H
2025-10-22 20:08:31 | INFO | 翻页完成。
2025-10-22 20:08:33 | INFO | 循环 #2 完成，等待 1776.3 秒进入下一轮。
2025-10-22 20:38:10 | INFO | ===== 自动化循环 #3 开始 =====
2025-10-22 20:38:10 | INFO | 模拟关键词：国药准字H
2025-10-22 20:38:31 | INFO | 翻页完成。
2025-10-22 20:38:33 | INFO | 循环 #3 完成，等待 1776.3 秒进入下一轮。
2025-10-22 21:08:10 | INFO | ===== 自动化循环 #4 开始 =====
2025-10-22 21:08:10 | INFO | 模拟关键词：国药准字S
2025-10-22 21:08:32 | INFO | 翻页完成。
2025-10-22 21:08:34 | INFO | 循环 #4 完成，等待 1775.5 秒进入下一轮。
2025-10-22 21:38:10 | INFO | ===== 自动化循环 #5 开始 =====
2025-10-22 21:38:10 | INFO | 模拟关键词：国药准字Z
2025-10-22 21:38:31 | INFO | 翻页完成。
2025-10-22 21:38:33 | INFO | 循环 #5 完成，等待 1776.8 秒进入下一轮。
2025-10-22 22:08:10 | INFO | ===== 自动化循环 #6 开始 =====
2025-10-22 22:08:10 | INFO | 模拟关键词：国药准字H
2025-10-22 22:08:31 | INFO | 翻页完成。
2025-10-22 22:08:32 | INFO | 循环 #6 完成，等待 1777.4 秒进入下一轮。
2025-10-22 22:38:10 | INFO | ===== 自动化循环 #7 开始 =====
2025-10-22 22:38:10 | INFO | 模拟关键词：国药准字S
2025-10-22 22:38:31 | INFO | 翻页完成。
2025-10-22 22:38:33 | INFO | 循环 #7 完成，等待 1776.7 秒进入下一轮。
2025-10-22 23:08:10 | INFO | ===== 自动化循环 #8 开始 =====
2025-10-22 23:08:10 | INFO | 模拟关键词：国药准字Z
2025-10-22 23:08:32 | INFO | 翻页完成。
2025-10-22 23:08:33 | INFO | 循环 #8 完成，等待 1776.5 秒进入下一轮。
2025-10-22 23:38:10 | INFO | ===== 自动化循环 #9 开始 =====
2025-10-22 23:38:10 | INFO | 模拟关键词：国药准字S
2025-10-22 23:38:32 | INFO | 翻页完成。
2025-10-22 23:38:33 | INFO | 循环 #9 完成，等待 1776.9 秒进入下一轮。
2025-10-23 00:08:10 | INFO | ===== 自动化循环 #10 开始 =====
2025-10-23 00:08:10 | INFO | 模拟关键词：国药准字H
2025-10-23 00:08:33 | INFO | 翻页完成。
2025-10-23 00:08:34 | INFO | 循环 #10 完成，等待 1775.6 秒进入下一轮。
2025-10-23 00:38:10 | INFO | ===== 自动化循环 #11 开始 =====
2025-10-23 00:38:10 | INFO | 模拟关键词：国药准字Z
2025-10-23 00:38:32 | INFO | 翻页完成。
2025-10-23 00:38:33 | INFO | 循环 #11 完成，等待 1776.1 秒进入下一轮。
2025-10-23 01:08:10 | INFO | ===== 自动化循环 #12 开始 =====
2025-10-23 01:08:10 | INFO | 模拟关键词：国药准字Z
2025-10-23 01:08:33 | INFO | 翻页完成。
2025-10-23 01:08:35 | INFO | 循环 #12 完成，等待 1774.8 秒进入下一轮。
2025-10-23 01:38:10 | INFO | ===== 自动化循环 #13 开始 =====
2025-10-23 01:38:10 | INFO | 模拟关键词：国药准字Z
2025-10-23 01:38:31 | INFO | 翻页完成。
2025-10-23 01:38:33 | INFO | 循环 #13 完成，等待 1776.4 秒进入下一轮。
2025-10-23 02:08:10 | INFO | ===== 自动化循环 #14 开始 =====
2025-10-23 02:08:10 | INFO | 模拟关键词：国药准字Z
2025-10-23 02:08:31 | INFO | 翻页完成。
2025-10-23 02:08:32 | INFO | 循环 #14 完成，等待 1777.1 秒进入下一轮。
2025-10-23 02:38:10 | INFO | ===== 自动化循环 #15 开始 =====
2025-10-23 02:38:10 | INFO | 模拟关键词：国药准字H
2025-10-23 02:38:32 | INFO | 翻页完成。
2025-10-23 02:38:33 | INFO | 循环 #15 完成，等待 1776.0 秒进入下一轮。
2025-10-23 03:08:10 | INFO | ===== 自动化循环 #16 开始 =====
2025-10-23 03:08:10 | INFO | 模拟关键词：国药准字S
2025-10-23 03:08:32 | INFO | 翻页完成。
2025-10-23 03:08:34 | INFO | 循环 #16 完成，等待 1775.7 秒进入下一轮。
2025-10-23 03:38:10 | INFO | ===== 自动化循环 #17 开始 =====
2025-10-23 03:38:10 | INFO | 模拟关键词：国药准字S
2025-10-23 03:38:32 | INFO | 翻页完成。
2025-10-23 03:38:33 | INFO | 循环 #17 完成，等待 1776.4 秒进入下一轮。
2025-10-23 04:08:10 | INFO | ===== 自动化循环 #18 开始 =====
2025-10-23 04:08:10 | INFO | 模拟关键词：国药准字Z
2025-10-23 04:08:30 | INFO | 翻页完成。
2025-10-23 04:08:31 | INFO | 循环 #18 完成，等待 1778.0 秒进入下一轮。
2025-10-23 04:38:10 | INFO | ===== 自动化循环 #19 开始 =====
2025-10-23 04:38:10 | INFO | 模拟关键词：国药准字S
2025-10-23 04:38:32 | INFO | 翻页完成。
2025-10-23 04:38:33 | INFO | 循环 #19 完成，等待 1776.3 秒进入下一轮。
2025-10-23 05:08:10 | INFO | ===== 自动化循环 #20 开始 =====
2025-10-23 05:08:10 | INFO | 模拟关键词：国药准字H
2025-10-23 05:08:31 | INFO | 翻页完成。
2025-10-23 05:08:33 | INFO | 循环 #20 完成，等待 1776.5 秒进入下一轮。
2025-10-23 05:38:10 | INFO | ===== 自动化循环 #21 开始 =====
2025-10-23 05:38:10 | INFO | 模拟关键词：国药准字S
2025-10-23 05:38:33 | INFO | 翻页完成。
2025-10-23 05:38:35 | INFO | 循环 #21 完成，等待 1774.9 秒进入下一轮。
2025-10-23 06:08:10 | INFO | ===== 自动化循环 #22 开始 =====
2025-10-23 06:08:10 | INFO | 模拟关键词：国药准字Z
2025-10-23 06:08:31 | INFO | 翻页完成。
2025-10-23 06:08:33 | INFO | 循环 #22 完成，等待 1776.8 秒进入下一轮。
2025-10-23 06:38:10 | INFO | ===== 自动化循环 #23 开始 =====
2025-10-23 06:38:10 | INFO | 模拟关键词：国药准字Z
2025-10-23 06:38:31 | INFO | 翻页完成。
2025-10-23 06:38:33 | INFO | 循环 #23 完成，等待 1776.5 秒进入下一轮。
2025-10-23 07:08:10 | INFO | ===== 自动化循环 #24 开始 =====
2025-10-23 07:08:10 | INFO | 模拟关键词：国药准字H
2025-10-23 07:08:31 | INFO | 翻页完成。
2025-10-23 07:08:33 | INFO | 循环 #24 完成，等待 1776.5 秒进入下一轮。
2025-10-23 07:38:10 | INFO | ===== 自动化循环 #25 开始 =====
2025-10-23 07:38:10 | INFO | 模拟关键词：国药准字S
2025-10-23 07:38:31 | INFO | 翻页完成。
2025-10-23 07:38:33 | INFO | 循环 #25 完成，等待 1776.4 秒进入下一轮。
2025-10-23 08:08:10 | INFO | ===== 自动化循环 #26 开始 =====
2025-10-23 08:08:10 | INFO | 模拟关键词：国药准字S
2025-10-23 08:08:31 | INFO | 翻页完成。
2025-10-23 08:08:33 | INFO | 循环 #26 完成，等待 1777.0 秒进入下一轮。
2025-10-23 08:38:10 | INFO | ===== 自动化循环 #27 开始 =====
2025-10-23 08:38:10 | INFO | 模拟关键词：国药准字H
2025-10-23 08:38:30 | INFO | 翻页完成。
2025-10-23 08:38:31 | INFO | 循环 #27 完成，等待 1778.2 秒进入下一轮。
2025-10-23 09:08:10 | INFO | ===== 自动化循环 #28 开始 =====
2025-10-23 09:08:10 | INFO | 模拟关键词：国药准字S
2025-10-23 09:08:30 | INFO | 翻页完成。
2025-10-23 09:08:31 | INFO | 循环 #28 完成，等待 1778.1 秒进入下一轮。
2025-10-23 09:17:59 | INFO | 关闭浏览器。
2025-10-23 12:51:14 | INFO | 启动 DrissionPage 模拟器，间隔=1800 秒，关键词=国药准字H, 国药准字S, 国药准字Z，模式=循环
2025-10-23 12:51:14 | INFO | ===== 自动化循环 #1 开始 =====
2025-10-23 12:51:14 | INFO | 初始化 DrissionPage 有头浏览器 ...
2025-10-23 12:51:22 | INFO | 模拟关键词：国药准字Z
2025-10-23 12:51:45 | INFO | 翻页完成。
2025-10-23 12:51:46 | INFO | 循环 #1 完成，等待 1767.8 秒进入下一轮。
2025-10-23 13:21:14 | INFO | ===== 自动化循环 #2 开始 =====
2025-10-23 13:21:14 | INFO | 模拟关键词：国药准字H
2025-10-23 13:21:37 | INFO | 翻页完成。
2025-10-23 13:21:39 | INFO | 循环 #2 完成，等待 1775.5 秒进入下一轮。
2025-10-23 13:51:14 | INFO | ===== 自动化循环 #3 开始 =====
2025-10-23 13:51:14 | INFO | 模拟关键词：国药准字H
2025-10-23 13:51:36 | INFO | 翻页完成。
2025-10-23 13:51:37 | INFO | 循环 #3 完成，等待 1776.9 秒进入下一轮。
2025-10-23 14:21:14 | INFO | ===== 自动化循环 #4 开始 =====
2025-10-23 14:21:14 | INFO | 模拟关键词：国药准字S
2025-10-23 14:21:37 | INFO | 翻页完成。
2025-10-23 14:21:39 | INFO | 循环 #4 完成，等待 1775.4 秒进入下一轮。
2025-10-23 14:51:14 | INFO | ===== 自动化循环 #5 开始 =====
2025-10-23 14:51:14 | INFO | 模拟关键词：国药准字S
2025-10-23 14:51:37 | INFO | 翻页完成。
2025-10-23 14:51:38 | INFO | 循环 #5 完成，等待 1776.1 秒进入下一轮。
2025-10-23 15:21:14 | INFO | ===== 自动化循环 #6 开始 =====
2025-10-23 15:21:14 | INFO | 模拟关键词：国药准字S
2025-10-23 15:21:36 | INFO | 翻页完成。
2025-10-23 15:21:37 | INFO | 循环 #6 完成，等待 1776.9 秒进入下一轮。
2025-10-23 15:51:14 | INFO | ===== 自动化循环 #7 开始 =====
2025-10-23 15:51:14 | INFO | 模拟关键词：国药准字S
2025-10-23 15:51:36 | INFO | 翻页完成。
2025-10-23 15:51:38 | INFO | 循环 #7 完成，等待 1776.7 秒进入下一轮。
2025-10-23 16:21:14 | INFO | ===== 自动化循环 #8 开始 =====
2025-10-23 16:21:14 | INFO | 模拟关键词：国药准字H
2025-10-23 16:21:37 | INFO | 翻页完成。
2025-10-23 16:21:38 | INFO | 循环 #8 完成，等待 1775.8 秒进入下一轮。
2025-10-23 16:51:14 | INFO | ===== 自动化循环 #9 开始 =====
2025-10-23 16:51:14 | INFO | 模拟关键词：国药准字Z
2025-10-23 16:51:37 | INFO | 翻页完成。
2025-10-23 16:51:38 | INFO | 循环 #9 完成，等待 1775.8 秒进入下一轮。
2025-10-23 17:21:14 | INFO | ===== 自动化循环 #10 开始 =====
2025-10-23 17:21:14 | INFO | 模拟关键词：国药准字H
2025-10-23 17:21:36 | INFO | 翻页完成。
2025-10-23 17:21:38 | INFO | 循环 #10 完成，等待 1776.7 秒进入下一轮。
2025-10-23 17:51:14 | INFO | ===== 自动化循环 #11 开始 =====
2025-10-23 17:51:14 | INFO | 模拟关键词：国药准字H
2025-10-23 17:51:36 | INFO | 翻页完成。
2025-10-23 17:51:38 | INFO | 循环 #11 完成，等待 1776.3 秒进入下一轮。
2025-10-23 18:21:14 | INFO | ===== 自动化循环 #12 开始 =====
2025-10-23 18:21:14 | INFO | 模拟关键词：国药准字Z
2025-10-23 18:21:36 | INFO | 翻页完成。
2025-10-23 18:21:38 | INFO | 循环 #12 完成，等待 1776.4 秒进入下一轮。
2025-10-23 18:51:14 | INFO | ===== 自动化循环 #13 开始 =====
2025-10-23 18:51:14 | INFO | 模拟关键词：国药准字Z
2025-10-23 18:51:38 | INFO | 翻页完成。
2025-10-23 18:51:39 | INFO | 循环 #13 完成，等待 1774.8 秒进入下一轮。
2025-10-23 19:21:14 | INFO | ===== 自动化循环 #14 开始 =====
2025-10-23 19:21:14 | INFO | 模拟关键词：国药准字Z
2025-10-23 19:21:37 | INFO | 翻页完成。
2025-10-23 19:21:39 | INFO | 循环 #14 完成，等待 1775.7 秒进入下一轮。
2025-10-23 19:51:14 | INFO | ===== 自动化循环 #15 开始 =====
2025-10-23 19:51:14 | INFO | 模拟关键词：国药准字Z
2025-10-23 19:51:36 | INFO | 翻页完成。
2025-10-23 19:51:37 | INFO | 循环 #15 完成，等待 1777.2 秒进入下一轮。
2025-10-23 20:21:14 | INFO | ===== 自动化循环 #16 开始 =====
2025-10-23 20:21:14 | INFO | 模拟关键词：国药准字S
2025-10-23 20:21:37 | INFO | 翻页完成。
2025-10-23 20:21:39 | INFO | 循环 #16 完成，等待 1775.7 秒进入下一轮。
2025-10-23 20:51:14 | INFO | ===== 自动化循环 #17 开始 =====
2025-10-23 20:51:14 | INFO | 模拟关键词：国药准字H
2025-10-23 20:51:38 | INFO | 翻页完成。
2025-10-23 20:51:39 | INFO | 循环 #17 完成，等待 1775.4 秒进入下一轮。
2025-10-23 21:21:14 | INFO | ===== 自动化循环 #18 开始 =====
2025-10-23 21:21:14 | INFO | 模拟关键词：国药准字H
2025-10-23 21:21:35 | INFO | 翻页完成。
2025-10-23 21:21:37 | INFO | 循环 #18 完成，等待 1777.6 秒进入下一轮。
2025-10-23 21:51:14 | INFO | ===== 自动化循环 #19 开始 =====
2025-10-23 21:51:14 | INFO | 模拟关键词：国药准字S
2025-10-23 21:51:35 | INFO | 翻页完成。
2025-10-23 21:51:37 | INFO | 循环 #19 完成，等待 1777.3 秒进入下一轮。
2025-10-23 22:21:14 | INFO | ===== 自动化循环 #20 开始 =====
2025-10-23 22:21:14 | INFO | 模拟关键词：国药准字Z
2025-10-23 22:21:38 | INFO | 翻页完成。
2025-10-23 22:21:39 | INFO | 循环 #20 完成，等待 1775.1 秒进入下一轮。
2025-10-23 22:51:14 | INFO | ===== 自动化循环 #21 开始 =====
2025-10-23 22:51:14 | INFO | 模拟关键词：国药准字Z
2025-10-23 22:51:37 | INFO | 翻页完成。
2025-10-23 22:51:39 | INFO | 循环 #21 完成，等待 1775.3 秒进入下一轮。
2025-10-23 23:21:14 | INFO | ===== 自动化循环 #22 开始 =====
2025-10-23 23:21:14 | INFO | 模拟关键词：国药准字S
2025-10-23 23:21:36 | INFO | 翻页完成。
2025-10-23 23:21:38 | INFO | 循环 #22 完成，等待 1776.7 秒进入下一轮。
2025-10-23 23:51:14 | INFO | ===== 自动化循环 #23 开始 =====
2025-10-23 23:51:14 | INFO | 模拟关键词：国药准字Z
2025-10-23 23:51:37 | INFO | 翻页完成。
2025-10-23 23:51:38 | INFO | 循环 #23 完成，等待 1776.5 秒进入下一轮。
2025-10-24 00:21:14 | INFO | ===== 自动化循环 #24 开始 =====
2025-10-24 00:21:14 | INFO | 模拟关键词：国药准字H
2025-10-24 00:21:38 | INFO | 翻页完成。
2025-10-24 00:21:40 | INFO | 循环 #24 完成，等待 1774.0 秒进入下一轮。
2025-10-24 00:51:14 | INFO | ===== 自动化循环 #25 开始 =====
2025-10-24 00:51:14 | INFO | 模拟关键词：国药准字Z
2025-10-24 00:51:36 | INFO | 翻页完成。
2025-10-24 00:51:37 | INFO | 循环 #25 完成，等待 1777.3 秒进入下一轮。
2025-10-24 01:21:14 | INFO | ===== 自动化循环 #26 开始 =====
2025-10-24 01:21:14 | INFO | 模拟关键词：国药准字H
2025-10-24 01:21:37 | INFO | 翻页完成。
2025-10-24 01:21:38 | INFO | 循环 #26 完成，等待 1776.0 秒进入下一轮。
2025-10-24 01:51:14 | INFO | ===== 自动化循环 #27 开始 =====
2025-10-24 01:51:14 | INFO | 模拟关键词：国药准字H
2025-10-24 01:51:37 | INFO | 翻页完成。
2025-10-24 01:51:39 | INFO | 循环 #27 完成，等待 1775.4 秒进入下一轮。
2025-10-24 02:21:14 | INFO | ===== 自动化循环 #28 开始 =====
2025-10-24 02:21:14 | INFO | 模拟关键词：国药准字Z
2025-10-24 02:21:37 | INFO | 翻页完成。
2025-10-24 02:21:39 | INFO | 循环 #28 完成，等待 1775.4 秒进入下一轮。
2025-10-24 02:51:14 | INFO | ===== 自动化循环 #29 开始 =====
2025-10-24 02:51:14 | INFO | 模拟关键词：国药准字Z
2025-10-24 02:51:38 | INFO | 翻页完成。
2025-10-24 02:51:39 | INFO | 循环 #29 完成，等待 1775.3 秒进入下一轮。
2025-10-24 03:21:14 | INFO | ===== 自动化循环 #30 开始 =====
2025-10-24 03:21:14 | INFO | 模拟关键词：国药准字S
2025-10-24 03:21:35 | INFO | 翻页完成。
2025-10-24 03:21:37 | INFO | 循环 #30 完成，等待 1776.9 秒进入下一轮。
2025-10-24 03:51:14 | INFO | ===== 自动化循环 #31 开始 =====
2025-10-24 03:51:14 | INFO | 模拟关键词：国药准字H
2025-10-24 03:51:37 | INFO | 翻页完成。
2025-10-24 03:51:38 | INFO | 循环 #31 完成，等待 1776.5 秒进入下一轮。
2025-10-24 04:21:14 | INFO | ===== 自动化循环 #32 开始 =====
2025-10-24 04:21:14 | INFO | 模拟关键词：国药准字H
2025-10-24 04:21:36 | INFO | 翻页完成。
2025-10-24 04:21:37 | INFO | 循环 #32 完成，等待 1776.8 秒进入下一轮。
2025-10-24 04:51:14 | INFO | ===== 自动化循环 #33 开始 =====
2025-10-24 04:51:14 | INFO | 模拟关键词：国药准字S
2025-10-24 04:51:36 | INFO | 翻页完成。
2025-10-24 04:51:38 | INFO | 循环 #33 完成，等待 1776.5 秒进入下一轮。
2025-10-24 05:21:14 | INFO | ===== 自动化循环 #34 开始 =====
2025-10-24 05:21:14 | INFO | 模拟关键词：国药准字S
2025-10-24 05:21:36 | INFO | 翻页完成。
2025-10-24 05:21:37 | INFO | 循环 #34 完成，等待 1776.9 秒进入下一轮。
2025-10-24 05:51:14 | INFO | ===== 自动化循环 #35 开始 =====
2025-10-24 05:51:14 | INFO | 模拟关键词：国药准字Z
2025-10-24 05:51:36 | INFO | 翻页完成。
2025-10-24 05:51:38 | INFO | 循环 #35 完成，等待 1776.7 秒进入下一轮。
2025-10-24 06:21:14 | INFO | ===== 自动化循环 #36 开始 =====
2025-10-24 06:21:14 | INFO | 模拟关键词：国药准字Z
2025-10-24 06:21:37 | INFO | 翻页完成。
2025-10-24 06:21:38 | INFO | 循环 #36 完成，等待 1775.9 秒进入下一轮。
2025-10-24 06:51:14 | INFO | ===== 自动化循环 #37 开始 =====
2025-10-24 06:51:14 | INFO | 模拟关键词：国药准字Z
2025-10-24 06:51:37 | INFO | 翻页完成。
2025-10-24 06:51:39 | INFO | 循环 #37 完成，等待 1774.9 秒进入下一轮。
2025-10-24 07:21:14 | INFO | ===== 自动化循环 #38 开始 =====
2025-10-24 07:21:14 | INFO | 模拟关键词：国药准字S
2025-10-24 07:21:36 | INFO | 翻页完成。
2025-10-24 07:21:38 | INFO | 循环 #38 完成，等待 1776.7 秒进入下一轮。
2025-10-24 07:51:14 | INFO | ===== 自动化循环 #39 开始 =====
2025-10-24 07:51:14 | INFO | 模拟关键词：国药准字S
2025-10-24 07:51:37 | INFO | 翻页完成。
2025-10-24 07:51:39 | INFO | 循环 #39 完成，等待 1775.3 秒进入下一轮。
2025-10-24 08:21:14 | INFO | ===== 自动化循环 #40 开始 =====
2025-10-24 08:21:14 | INFO | 模拟关键词：国药准字S
2025-10-24 08:21:35 | INFO | 翻页完成。
2025-10-24 08:21:36 | INFO | 循环 #40 完成，等待 1778.1 秒进入下一轮。
2025-10-24 08:51:14 | INFO | ===== 自动化循环 #41 开始 =====
2025-10-24 08:51:14 | INFO | 模拟关键词：国药准字S
2025-10-24 08:51:35 | INFO | 翻页完成。
2025-10-24 08:51:36 | INFO | 循环 #41 完成，等待 1778.0 秒进入下一轮。
2025-10-24 09:21:14 | INFO | ===== 自动化循环 #42 开始 =====
2025-10-24 09:21:14 | INFO | 模拟关键词：国药准字H
2025-10-24 09:21:38 | INFO | 翻页完成。
2025-10-24 09:21:39 | INFO | 循环 #42 完成，等待 1774.9 秒进入下一轮。
2025-10-24 09:51:14 | INFO | ===== 自动化循环 #43 开始 =====
2025-10-24 09:51:14 | INFO | 模拟关键词：国药准字Z
2025-10-24 09:51:36 | INFO | 翻页完成。
2025-10-24 09:51:37 | INFO | 循环 #43 完成，等待 1777.2 秒进入下一轮。
2025-10-24 10:21:14 | INFO | ===== 自动化循环 #44 开始 =====
2025-10-24 10:21:14 | INFO | 模拟关键词：国药准字H
2025-10-24 10:21:36 | INFO | 翻页完成。
2025-10-24 10:21:37 | INFO | 循环 #44 完成，等待 1777.4 秒进入下一轮。
2025-10-24 10:51:14 | INFO | ===== 自动化循环 #45 开始 =====
2025-10-24 10:51:14 | INFO | 模拟关键词：国药准字Z
2025-10-24 10:51:37 | INFO | 翻页完成。
2025-10-24 10:51:38 | INFO | 循环 #45 完成，等待 1776.1 秒进入下一轮。
2025-10-24 11:21:14 | INFO | ===== 自动化循环 #46 开始 =====
2025-10-24 11:21:14 | INFO | 模拟关键词：国药准字Z
2025-10-24 11:21:36 | INFO | 翻页完成。
2025-10-24 11:21:37 | INFO | 循环 #46 完成，等待 1776.9 秒进入下一轮。
2025-10-24 11:51:14 | INFO | ===== 自动化循环 #47 开始 =====
2025-10-24 11:51:14 | INFO | 模拟关键词：国药准字H
2025-10-24 11:51:37 | INFO | 翻页完成。
2025-10-24 11:51:38 | INFO | 循环 #47 完成，等待 1776.0 秒进入下一轮。
2025-10-24 12:21:14 | INFO | ===== 自动化循环 #48 开始 =====
2025-10-24 12:21:14 | INFO | 模拟关键词：国药准字H
2025-10-24 12:21:36 | INFO | 翻页完成。
2025-10-24 12:21:38 | INFO | 循环 #48 完成，等待 1776.7 秒进入下一轮。
2025-10-24 12:51:14 | INFO | ===== 自动化循环 #49 开始 =====
2025-10-24 12:51:14 | INFO | 模拟关键词：国药准字H
2025-10-24 12:51:37 | INFO | 翻页完成。
2025-10-24 12:51:38 | INFO | 循环 #49 完成，等待 1775.9 秒进入下一轮。
2025-10-24 13:21:14 | INFO | ===== 自动化循环 #50 开始 =====
2025-10-24 13:21:14 | INFO | 模拟关键词：国药准字Z
2025-10-24 13:21:37 | INFO | 翻页完成。
2025-10-24 13:21:38 | INFO | 循环 #50 完成，等待 1775.8 秒进入下一轮。
2025-10-24 13:51:14 | INFO | ===== 自动化循环 #51 开始 =====
2025-10-24 13:51:14 | INFO | 模拟关键词：国药准字H
2025-10-24 13:51:37 | INFO | 翻页完成。
2025-10-24 13:51:38 | INFO | 循环 #51 完成，等待 1776.2 秒进入下一轮。
2025-10-24 14:21:14 | INFO | ===== 自动化循环 #52 开始 =====
2025-10-24 14:21:14 | INFO | 模拟关键词：国药准字H
2025-10-24 14:21:35 | INFO | 翻页完成。
2025-10-24 14:21:36 | INFO | 循环 #52 完成，等待 1777.9 秒进入下一轮。
2025-10-24 14:51:14 | INFO | ===== 自动化循环 #53 开始 =====
2025-10-24 14:51:14 | INFO | 模拟关键词：国药准字Z
2025-10-24 14:51:36 | INFO | 翻页完成。
2025-10-24 14:51:37 | INFO | 循环 #53 完成，等待 1777.2 秒进入下一轮。
2025-10-24 15:21:14 | INFO | ===== 自动化循环 #54 开始 =====
2025-10-24 15:21:14 | INFO | 模拟关键词：国药准字H
2025-10-24 15:21:38 | INFO | 翻页完成。
2025-10-24 15:21:40 | INFO | 循环 #54 完成，等待 1774.2 秒进入下一轮。
2025-10-24 15:51:14 | INFO | ===== 自动化循环 #55 开始 =====
2025-10-24 15:51:14 | INFO | 模拟关键词：国药准字H
2025-10-24 15:51:39 | INFO | 翻页完成。
2025-10-24 15:51:41 | INFO | 循环 #55 完成，等待 1773.5 秒进入下一轮。
2025-10-24 16:21:14 | INFO | ===== 自动化循环 #56 开始 =====
2025-10-24 16:21:14 | INFO | 模拟关键词：国药准字S
2025-10-24 16:21:37 | INFO | 翻页完成。
2025-10-24 16:21:39 | INFO | 循环 #56 完成，等待 1775.3 秒进入下一轮。
2025-10-24 16:51:14 | INFO | ===== 自动化循环 #57 开始 =====
2025-10-24 16:51:14 | INFO | 模拟关键词：国药准字Z
2025-10-24 16:51:34 | INFO | 翻页完成。
2025-10-24 16:51:36 | INFO | 循环 #57 完成，等待 1778.5 秒进入下一轮。
2025-10-24 17:21:14 | INFO | ===== 自动化循环 #58 开始 =====
2025-10-24 17:21:14 | INFO | 模拟关键词：国药准字S
2025-10-24 17:21:38 | INFO | 翻页完成。
2025-10-24 17:21:39 | INFO | 循环 #58 完成，等待 1775.0 秒进入下一轮。
2025-10-24 17:51:14 | INFO | ===== 自动化循环 #59 开始 =====
2025-10-24 17:51:14 | INFO | 模拟关键词：国药准字Z
2025-10-24 17:51:38 | INFO | 翻页完成。
2025-10-24 17:51:39 | INFO | 循环 #59 完成，等待 1775.2 秒进入下一轮。
2025-10-24 18:21:14 | INFO | ===== 自动化循环 #60 开始 =====
2025-10-24 18:21:14 | INFO | 模拟关键词：国药准字Z
2025-10-24 18:21:36 | INFO | 翻页完成。
2025-10-24 18:21:38 | INFO | 循环 #60 完成，等待 1776.7 秒进入下一轮。
2025-10-24 18:51:14 | INFO | ===== 自动化循环 #61 开始 =====
2025-10-24 18:51:14 | INFO | 模拟关键词：国药准字H
2025-10-24 18:51:36 | INFO | 翻页完成。
2025-10-24 18:51:37 | INFO | 循环 #61 完成，等待 1776.9 秒进入下一轮。
2025-10-24 19:21:14 | INFO | ===== 自动化循环 #62 开始 =====
2025-10-24 19:21:14 | INFO | 模拟关键词：国药准字Z
2025-10-24 19:21:37 | INFO | 翻页完成。
2025-10-24 19:21:38 | INFO | 循环 #62 完成，等待 1775.8 秒进入下一轮。
2025-10-24 19:51:14 | INFO | ===== 自动化循环 #63 开始 =====
2025-10-24 19:51:14 | INFO | 模拟关键词：国药准字H
2025-10-24 19:51:37 | INFO | 翻页完成。
2025-10-24 19:51:38 | INFO | 循环 #63 完成，等待 1776.2 秒进入下一轮。
2025-10-24 20:21:14 | INFO | ===== 自动化循环 #64 开始 =====
2025-10-24 20:21:14 | INFO | 模拟关键词：国药准字S
2025-10-24 20:21:36 | INFO | 翻页完成。
2025-10-24 20:21:37 | INFO | 循环 #64 完成，等待 1776.9 秒进入下一轮。
2025-10-24 20:51:14 | INFO | ===== 自动化循环 #65 开始 =====
2025-10-24 20:51:14 | INFO | 模拟关键词：国药准字Z
2025-10-24 20:51:36 | INFO | 翻页完成。
2025-10-24 20:51:38 | INFO | 循环 #65 完成，等待 1776.7 秒进入下一轮。
2025-10-24 21:21:14 | INFO | ===== 自动化循环 #66 开始 =====
2025-10-24 21:21:14 | INFO | 模拟关键词：国药准字H
2025-10-24 21:21:36 | INFO | 翻页完成。
2025-10-24 21:21:37 | INFO | 循环 #66 完成，等待 1776.8 秒进入下一轮。
2025-10-24 21:51:14 | INFO | ===== 自动化循环 #67 开始 =====
2025-10-24 21:51:14 | INFO | 模拟关键词：国药准字H
2025-10-24 21:51:38 | INFO | 翻页完成。
2025-10-24 21:51:39 | INFO | 循环 #67 完成，等待 1775.4 秒进入下一轮。
2025-10-24 22:21:14 | INFO | ===== 自动化循环 #68 开始 =====
2025-10-24 22:21:14 | INFO | 模拟关键词：国药准字H
2025-10-24 22:21:36 | INFO | 翻页完成。
2025-10-24 22:21:38 | INFO | 循环 #68 完成，等待 1776.3 秒进入下一轮。
2025-10-24 22:51:14 | INFO | ===== 自动化循环 #69 开始 =====
2025-10-24 22:51:14 | INFO | 模拟关键词：国药准字S
2025-10-24 22:51:36 | INFO | 翻页完成。
2025-10-24 22:51:38 | INFO | 循环 #69 完成，等待 1776.2 秒进入下一轮。
2025-10-24 23:21:14 | INFO | ===== 自动化循环 #70 开始 =====
2025-10-24 23:21:14 | INFO | 模拟关键词：国药准字S
2025-10-24 23:21:36 | INFO | 翻页完成。
2025-10-24 23:21:37 | INFO | 循环 #70 完成，等待 1777.4 秒进入下一轮。
2025-10-24 23:51:14 | INFO | ===== 自动化循环 #71 开始 =====
2025-10-24 23:51:14 | INFO | 模拟关键词：国药准字Z
2025-10-24 23:51:34 | INFO | 翻页完成。
2025-10-24 23:51:36 | INFO | 循环 #71 完成，等待 1778.6 秒进入下一轮。
2025-10-25 00:21:14 | INFO | ===== 自动化循环 #72 开始 =====
2025-10-25 00:21:14 | INFO | 模拟关键词：国药准字S
2025-10-25 00:21:38 | INFO | 翻页完成。
2025-10-25 00:21:39 | INFO | 循环 #72 完成，等待 1775.7 秒进入下一轮。
2025-10-25 00:51:14 | INFO | ===== 自动化循环 #73 开始 =====
2025-10-25 00:51:14 | INFO | 模拟关键词：国药准字S
2025-10-25 00:51:36 | INFO | 翻页完成。
2025-10-25 00:51:37 | INFO | 循环 #73 完成，等待 1777.3 秒进入下一轮。
2025-10-25 01:21:14 | INFO | ===== 自动化循环 #74 开始 =====
2025-10-25 01:21:14 | INFO | 模拟关键词：国药准字H
2025-10-25 01:21:35 | INFO | 翻页完成。
2025-10-25 01:21:37 | INFO | 循环 #74 完成，等待 1777.5 秒进入下一轮。
2025-10-25 01:51:14 | INFO | ===== 自动化循环 #75 开始 =====
2025-10-25 01:51:14 | INFO | 模拟关键词：国药准字S
2025-10-25 01:51:37 | INFO | 翻页完成。
2025-10-25 01:51:39 | INFO | 循环 #75 完成，等待 1775.5 秒进入下一轮。
2025-10-25 02:21:14 | INFO | ===== 自动化循环 #76 开始 =====
2025-10-25 02:21:14 | INFO | 模拟关键词：国药准字Z
2025-10-25 02:21:37 | INFO | 翻页完成。
2025-10-25 02:21:38 | INFO | 循环 #76 完成，等待 1776.3 秒进入下一轮。
2025-10-25 02:51:14 | INFO | ===== 自动化循环 #77 开始 =====
2025-10-25 02:51:14 | INFO | 模拟关键词：国药准字H
2025-10-25 02:51:37 | INFO | 翻页完成。
2025-10-25 02:51:39 | INFO | 循环 #77 完成，等待 1775.7 秒进入下一轮。
2025-10-25 03:21:14 | INFO | ===== 自动化循环 #78 开始 =====
2025-10-25 03:21:14 | INFO | 模拟关键词：国药准字H
2025-10-25 03:21:36 | INFO | 翻页完成。
2025-10-25 03:21:37 | INFO | 循环 #78 完成，等待 1777.3 秒进入下一轮。
2025-10-25 03:51:14 | INFO | ===== 自动化循环 #79 开始 =====
2025-10-25 03:51:14 | INFO | 模拟关键词：国药准字Z
2025-10-25 03:51:36 | INFO | 翻页完成。
2025-10-25 03:51:38 | INFO | 循环 #79 完成，等待 1776.6 秒进入下一轮。
2025-10-25 04:21:14 | INFO | ===== 自动化循环 #80 开始 =====
2025-10-25 04:21:14 | INFO | 模拟关键词：国药准字H
2025-10-25 04:21:37 | INFO | 翻页完成。
2025-10-25 04:21:38 | INFO | 循环 #80 完成，等待 1776.6 秒进入下一轮。
2025-10-25 04:51:14 | INFO | ===== 自动化循环 #81 开始 =====
2025-10-25 04:51:14 | INFO | 模拟关键词：国药准字H
2025-10-25 04:51:36 | INFO | 翻页完成。
2025-10-25 04:51:38 | INFO | 循环 #81 完成，等待 1776.6 秒进入下一轮。
2025-10-25 05:21:14 | INFO | ===== 自动化循环 #82 开始 =====
2025-10-25 05:21:14 | INFO | 模拟关键词：国药准字S
2025-10-25 05:21:37 | INFO | 翻页完成。
2025-10-25 05:21:38 | INFO | 循环 #82 完成，等待 1776.5 秒进入下一轮。
2025-10-25 05:51:14 | INFO | ===== 自动化循环 #83 开始 =====
2025-10-25 05:51:14 | INFO | 模拟关键词：国药准字Z
2025-10-25 05:51:35 | INFO | 翻页完成。
2025-10-25 05:51:37 | INFO | 循环 #83 完成，等待 1777.7 秒进入下一轮。
2025-10-25 06:21:14 | INFO | ===== 自动化循环 #84 开始 =====
2025-10-25 06:21:14 | INFO | 模拟关键词：国药准字H
2025-10-25 06:21:36 | INFO | 翻页完成。
2025-10-25 06:21:38 | INFO | 循环 #84 完成，等待 1776.5 秒进入下一轮。
2025-10-25 06:51:14 | INFO | ===== 自动化循环 #85 开始 =====
2025-10-25 06:51:14 | INFO | 模拟关键词：国药准字Z
2025-10-25 06:51:37 | INFO | 翻页完成。
2025-10-25 06:51:39 | INFO | 循环 #85 完成，等待 1775.6 秒进入下一轮。
2025-10-25 07:21:14 | INFO | ===== 自动化循环 #86 开始 =====
2025-10-25 07:21:14 | INFO | 模拟关键词：国药准字H
2025-10-25 07:21:35 | INFO | 翻页完成。
2025-10-25 07:21:36 | INFO | 循环 #86 完成，等待 1778.1 秒进入下一轮。
2025-10-25 07:51:14 | INFO | ===== 自动化循环 #87 开始 =====
2025-10-25 07:51:14 | INFO | 模拟关键词：国药准字Z
2025-10-25 07:51:36 | INFO | 翻页完成。
2025-10-25 07:51:37 | INFO | 循环 #87 完成，等待 1777.0 秒进入下一轮。
2025-10-25 08:21:14 | INFO | ===== 自动化循环 #88 开始 =====
2025-10-25 08:21:14 | INFO | 模拟关键词：国药准字H
2025-10-25 08:21:36 | INFO | 翻页完成。
2025-10-25 08:21:38 | INFO | 循环 #88 完成，等待 1776.2 秒进入下一轮。
2025-10-25 08:51:14 | INFO | ===== 自动化循环 #89 开始 =====
2025-10-25 08:51:14 | INFO | 模拟关键词：国药准字Z
2025-10-25 08:51:37 | INFO | 翻页完成。
2025-10-25 08:51:38 | INFO | 循环 #89 完成，等待 1776.3 秒进入下一轮。
2025-10-25 09:21:14 | INFO | ===== 自动化循环 #90 开始 =====
2025-10-25 09:21:14 | INFO | 模拟关键词：国药准字H
2025-10-25 09:21:35 | INFO | 翻页完成。
2025-10-25 09:21:36 | INFO | 循环 #90 完成，等待 1777.9 秒进入下一轮。
2025-10-25 09:51:14 | INFO | ===== 自动化循环 #91 开始 =====
2025-10-25 09:51:14 | INFO | 模拟关键词：国药准字Z
2025-10-25 09:51:37 | INFO | 翻页完成。
2025-10-25 09:51:38 | INFO | 循环 #91 完成，等待 1776.3 秒进入下一轮。
2025-10-25 10:21:14 | INFO | ===== 自动化循环 #92 开始 =====
2025-10-25 10:21:14 | INFO | 模拟关键词：国药准字Z
2025-10-25 10:21:36 | INFO | 翻页完成。
2025-10-25 10:21:38 | INFO | 循环 #92 完成，等待 1776.6 秒进入下一轮。
2025-10-25 10:51:14 | INFO | ===== 自动化循环 #93 开始 =====
2025-10-25 10:51:14 | INFO | 模拟关键词：国药准字S
2025-10-25 10:51:37 | INFO | 翻页完成。
2025-10-25 10:51:39 | INFO | 循环 #93 完成，等待 1775.7 秒进入下一轮。
2025-10-25 11:21:14 | INFO | ===== 自动化循环 #94 开始 =====
2025-10-25 11:21:14 | INFO | 模拟关键词：国药准字H
2025-10-25 11:21:38 | INFO | 翻页完成。
2025-10-25 11:21:39 | INFO | 循环 #94 完成，等待 1775.6 秒进入下一轮。
2025-10-25 11:51:14 | INFO | ===== 自动化循环 #95 开始 =====
2025-10-25 11:51:14 | INFO | 模拟关键词：国药准字Z
2025-10-25 11:51:36 | INFO | 翻页完成。
2025-10-25 11:51:38 | INFO | 循环 #95 完成，等待 1776.6 秒进入下一轮。
2025-10-25 12:21:14 | INFO | ===== 自动化循环 #96 开始 =====
2025-10-25 12:21:14 | INFO | 模拟关键词：国药准字S
2025-10-25 12:21:36 | INFO | 翻页完成。
2025-10-25 12:21:38 | INFO | 循环 #96 完成，等待 1776.8 秒进入下一轮。
2025-10-25 12:51:14 | INFO | ===== 自动化循环 #97 开始 =====
2025-10-25 12:51:14 | INFO | 模拟关键词：国药准字S
2025-10-25 12:51:35 | INFO | 翻页完成。
2025-10-25 12:51:37 | INFO | 循环 #97 完成，等待 1777.6 秒进入下一轮。
2025-10-25 13:21:14 | INFO | ===== 自动化循环 #98 开始 =====
2025-10-25 13:21:14 | INFO | 模拟关键词：国药准字H
2025-10-25 13:21:37 | INFO | 翻页完成。
2025-10-25 13:21:39 | INFO | 循环 #98 完成，等待 1775.7 秒进入下一轮。
2025-10-25 13:51:14 | INFO | ===== 自动化循环 #99 开始 =====
2025-10-25 13:51:14 | INFO | 模拟关键词：国药准字Z
2025-10-25 13:51:37 | INFO | 翻页完成。
2025-10-25 13:51:38 | INFO | 循环 #99 完成，等待 1776.1 秒进入下一轮。
2025-10-25 14:21:14 | INFO | ===== 自动化循环 #100 开始 =====
2025-10-25 14:21:14 | INFO | 模拟关键词：国药准字Z
2025-10-25 14:21:37 | INFO | 翻页完成。
2025-10-25 14:21:38 | INFO | 循环 #100 完成，等待 1775.9 秒进入下一轮。
2025-10-25 14:51:14 | INFO | ===== 自动化循环 #101 开始 =====
2025-10-25 14:51:14 | INFO | 模拟关键词：国药准字H
2025-10-25 14:51:38 | INFO | 翻页完成。
2025-10-25 14:51:39 | INFO | 循环 #101 完成，等待 1774.8 秒进入下一轮。
2025-10-25 15:21:14 | INFO | ===== 自动化循环 #102 开始 =====
2025-10-25 15:21:14 | INFO | 模拟关键词：国药准字H
2025-10-25 15:21:36 | INFO | 翻页完成。
2025-10-25 15:21:37 | INFO | 循环 #102 完成，等待 1777.3 秒进入下一轮。
2025-10-25 15:51:14 | INFO | ===== 自动化循环 #103 开始 =====
2025-10-25 15:51:14 | INFO | 模拟关键词：国药准字H
2025-10-25 15:51:36 | INFO | 翻页完成。
2025-10-25 15:51:38 | INFO | 循环 #103 完成，等待 1776.6 秒进入下一轮。
2025-10-25 16:21:14 | INFO | ===== 自动化循环 #104 开始 =====
2025-10-25 16:21:14 | INFO | 模拟关键词：国药准字Z
2025-10-25 16:21:37 | INFO | 翻页完成。
2025-10-25 16:21:38 | INFO | 循环 #104 完成，等待 1776.4 秒进入下一轮。
2025-10-25 16:51:14 | INFO | ===== 自动化循环 #105 开始 =====
2025-10-25 16:51:14 | INFO | 模拟关键词：国药准字H
2025-10-25 16:51:38 | INFO | 翻页完成。
2025-10-25 16:51:39 | INFO | 循环 #105 完成，等待 1775.6 秒进入下一轮。
2025-10-25 17:21:14 | INFO | ===== 自动化循环 #106 开始 =====
2025-10-25 17:21:14 | INFO | 模拟关键词：国药准字Z
2025-10-25 17:21:37 | INFO | 翻页完成。
2025-10-25 17:21:38 | INFO | 循环 #106 完成，等待 1776.5 秒进入下一轮。
2025-10-25 17:51:14 | INFO | ===== 自动化循环 #107 开始 =====
2025-10-25 17:51:14 | INFO | 模拟关键词：国药准字S
2025-10-25 17:51:36 | INFO | 翻页完成。
2025-10-25 17:51:38 | INFO | 循环 #107 完成，等待 1776.4 秒进入下一轮。
2025-10-25 18:21:14 | INFO | ===== 自动化循环 #108 开始 =====
2025-10-25 18:21:14 | INFO | 模拟关键词：国药准字S
2025-10-25 18:21:36 | INFO | 翻页完成。
2025-10-25 18:21:38 | INFO | 循环 #108 完成，等待 1776.7 秒进入下一轮。
2025-10-25 18:51:14 | INFO | ===== 自动化循环 #109 开始 =====
2025-10-25 18:51:14 | INFO | 模拟关键词：国药准字H
2025-10-25 18:51:36 | INFO | 翻页完成。
2025-10-25 18:51:37 | INFO | 循环 #109 完成，等待 1777.3 秒进入下一轮。
2025-10-25 19:21:14 | INFO | ===== 自动化循环 #110 开始 =====
2025-10-25 19:21:14 | INFO | 模拟关键词：国药准字Z
2025-10-25 19:21:37 | INFO | 翻页完成。
2025-10-25 19:21:38 | INFO | 循环 #110 完成，等待 1776.4 秒进入下一轮。
2025-10-25 19:51:14 | INFO | ===== 自动化循环 #111 开始 =====
2025-10-25 19:51:14 | INFO | 模拟关键词：国药准字Z
2025-10-25 19:51:37 | INFO | 翻页完成。
2025-10-25 19:51:39 | INFO | 循环 #111 完成，等待 1775.7 秒进入下一轮。
2025-10-25 20:21:14 | INFO | ===== 自动化循环 #112 开始 =====
2025-10-25 20:21:14 | INFO | 模拟关键词：国药准字Z
2025-10-25 20:21:36 | INFO | 翻页完成。
2025-10-25 20:21:37 | INFO | 循环 #112 完成，等待 1777.3 秒进入下一轮。
2025-10-25 20:51:14 | INFO | ===== 自动化循环 #113 开始 =====
2025-10-25 20:51:14 | INFO | 模拟关键词：国药准字H
2025-10-25 20:51:38 | INFO | 翻页完成。
2025-10-25 20:51:40 | INFO | 循环 #113 完成，等待 1773.9 秒进入下一轮。
2025-10-25 21:21:14 | INFO | ===== 自动化循环 #114 开始 =====
2025-10-25 21:21:14 | INFO | 模拟关键词：国药准字S
2025-10-25 21:21:36 | INFO | 翻页完成。
2025-10-25 21:21:37 | INFO | 循环 #114 完成，等待 1777.6 秒进入下一轮。
2025-10-25 21:51:14 | INFO | ===== 自动化循环 #115 开始 =====
2025-10-25 21:51:14 | INFO | 模拟关键词：国药准字S
2025-10-25 21:51:37 | INFO | 翻页完成。
2025-10-25 21:51:39 | INFO | 循环 #115 完成，等待 1775.6 秒进入下一轮。
2025-10-25 22:21:14 | INFO | ===== 自动化循环 #116 开始 =====
2025-10-25 22:21:14 | INFO | 模拟关键词：国药准字H
2025-10-25 22:21:35 | INFO | 翻页完成。
2025-10-25 22:21:37 | INFO | 循环 #116 完成，等待 1777.8 秒进入下一轮。
2025-10-25 22:51:14 | INFO | ===== 自动化循环 #117 开始 =====
2025-10-25 22:51:14 | INFO | 模拟关键词：国药准字H
2025-10-25 22:51:36 | INFO | 翻页完成。
2025-10-25 22:51:38 | INFO | 循环 #117 完成，等待 1776.2 秒进入下一轮。
2025-10-25 23:21:14 | INFO | ===== 自动化循环 #118 开始 =====
2025-10-25 23:21:14 | INFO | 模拟关键词：国药准字Z
2025-10-25 23:21:37 | INFO | 翻页完成。
2025-10-25 23:21:39 | INFO | 循环 #118 完成，等待 1775.4 秒进入下一轮。
2025-10-25 23:51:14 | INFO | ===== 自动化循环 #119 开始 =====
2025-10-25 23:51:14 | INFO | 模拟关键词：国药准字Z
2025-10-25 23:51:36 | INFO | 翻页完成。
2025-10-25 23:51:37 | INFO | 循环 #119 完成，等待 1776.9 秒进入下一轮。
2025-10-26 00:21:14 | INFO | ===== 自动化循环 #120 开始 =====
2025-10-26 00:21:14 | INFO | 模拟关键词：国药准字S
2025-10-26 00:21:35 | INFO | 翻页完成。
2025-10-26 00:21:36 | INFO | 循环 #120 完成，等待 1778.0 秒进入下一轮。
2025-10-26 00:51:14 | INFO | ===== 自动化循环 #121 开始 =====
2025-10-26 00:51:14 | INFO | 模拟关键词：国药准字H
2025-10-26 00:51:37 | INFO | 翻页完成。
2025-10-26 00:51:39 | INFO | 循环 #121 完成，等待 1775.6 秒进入下一轮。
2025-10-26 01:21:14 | INFO | ===== 自动化循环 #122 开始 =====
2025-10-26 01:21:14 | INFO | 模拟关键词：国药准字S
2025-10-26 01:21:37 | INFO | 翻页完成。
2025-10-26 01:21:39 | INFO | 循环 #122 完成，等待 1775.1 秒进入下一轮。
2025-10-26 01:51:14 | INFO | ===== 自动化循环 #123 开始 =====
2025-10-26 01:51:14 | INFO | 模拟关键词：国药准字Z
2025-10-26 01:51:37 | INFO | 翻页完成。
2025-10-26 01:51:38 | INFO | 循环 #123 完成，等待 1776.1 秒进入下一轮。
2025-10-26 02:21:14 | INFO | ===== 自动化循环 #124 开始 =====
2025-10-26 02:21:14 | INFO | 模拟关键词：国药准字S
2025-10-26 02:21:37 | INFO | 翻页完成。
2025-10-26 02:21:38 | INFO | 循环 #124 完成，等待 1776.4 秒进入下一轮。
2025-10-26 02:51:14 | INFO | ===== 自动化循环 #125 开始 =====
2025-10-26 02:51:14 | INFO | 模拟关键词：国药准字H
2025-10-26 02:51:38 | INFO | 翻页完成。
2025-10-26 02:51:39 | INFO | 循环 #125 完成，等待 1775.1 秒进入下一轮。
2025-10-26 03:21:14 | INFO | ===== 自动化循环 #126 开始 =====
2025-10-26 03:21:14 | INFO | 模拟关键词：国药准字H
2025-10-26 03:21:37 | INFO | 翻页完成。
2025-10-26 03:21:38 | INFO | 循环 #126 完成，等待 1776.0 秒进入下一轮。
2025-10-26 03:51:14 | INFO | ===== 自动化循环 #127 开始 =====
2025-10-26 03:51:14 | INFO | 模拟关键词：国药准字H
2025-10-26 03:51:36 | INFO | 翻页完成。
2025-10-26 03:51:37 | INFO | 循环 #127 完成，等待 1777.1 秒进入下一轮。
2025-10-26 04:21:14 | INFO | ===== 自动化循环 #128 开始 =====
2025-10-26 04:21:14 | INFO | 模拟关键词：国药准字S
2025-10-26 04:21:36 | INFO | 翻页完成。
2025-10-26 04:21:38 | INFO | 循环 #128 完成，等待 1776.7 秒进入下一轮。
2025-10-26 04:51:14 | INFO | ===== 自动化循环 #129 开始 =====
2025-10-26 04:51:14 | INFO | 模拟关键词：国药准字H
2025-10-26 04:51:37 | INFO | 翻页完成。
2025-10-26 04:51:38 | INFO | 循环 #129 完成，等待 1775.9 秒进入下一轮。
2025-10-26 05:21:14 | INFO | ===== 自动化循环 #130 开始 =====
2025-10-26 05:21:14 | INFO | 模拟关键词：国药准字Z
2025-10-26 05:21:36 | INFO | 翻页完成。
2025-10-26 05:21:37 | INFO | 循环 #130 完成，等待 1777.1 秒进入下一轮。
2025-10-26 05:51:14 | INFO | ===== 自动化循环 #131 开始 =====
2025-10-26 05:51:14 | INFO | 模拟关键词：国药准字Z
2025-10-26 05:51:35 | INFO | 翻页完成。
2025-10-26 05:51:37 | INFO | 循环 #131 完成，等待 1777.2 秒进入下一轮。
2025-10-26 06:21:14 | INFO | ===== 自动化循环 #132 开始 =====
2025-10-26 06:21:14 | INFO | 模拟关键词：国药准字Z
2025-10-26 06:21:37 | INFO | 翻页完成。
2025-10-26 06:21:38 | INFO | 循环 #132 完成，等待 1776.0 秒进入下一轮。
2025-10-26 06:51:14 | INFO | ===== 自动化循环 #133 开始 =====
2025-10-26 06:51:14 | INFO | 模拟关键词：国药准字Z
2025-10-26 06:51:37 | INFO | 翻页完成。
2025-10-26 06:51:38 | INFO | 循环 #133 完成，等待 1776.0 秒进入下一轮。
2025-10-26 07:21:14 | INFO | ===== 自动化循环 #134 开始 =====
2025-10-26 07:21:14 | INFO | 模拟关键词：国药准字S
2025-10-26 07:21:37 | INFO | 翻页完成。
2025-10-26 07:21:38 | INFO | 循环 #134 完成，等待 1775.9 秒进入下一轮。
2025-10-26 07:51:14 | INFO | ===== 自动化循环 #135 开始 =====
2025-10-26 07:51:14 | INFO | 模拟关键词：国药准字Z
2025-10-26 07:51:36 | INFO | 翻页完成。
2025-10-26 07:51:38 | INFO | 循环 #135 完成，等待 1776.5 秒进入下一轮。
2025-10-26 08:21:14 | INFO | ===== 自动化循环 #136 开始 =====
2025-10-26 08:21:14 | INFO | 模拟关键词：国药准字H
2025-10-26 08:21:36 | INFO | 翻页完成。
2025-10-26 08:21:37 | INFO | 循环 #136 完成，等待 1777.1 秒进入下一轮。
2025-10-26 08:51:14 | INFO | ===== 自动化循环 #137 开始 =====
2025-10-26 08:51:14 | INFO | 模拟关键词：国药准字S
2025-10-26 08:51:36 | INFO | 翻页完成。
2025-10-26 08:51:38 | INFO | 循环 #137 完成，等待 1776.4 秒进入下一轮。
2025-10-26 09:21:14 | INFO | ===== 自动化循环 #138 开始 =====
2025-10-26 09:21:14 | INFO | 模拟关键词：国药准字S
2025-10-26 09:21:35 | INFO | 翻页完成。
2025-10-26 09:21:36 | INFO | 循环 #138 完成，等待 1778.4 秒进入下一轮。
2025-10-26 09:51:14 | INFO | ===== 自动化循环 #139 开始 =====
2025-10-26 09:51:14 | INFO | 模拟关键词：国药准字S
2025-10-26 09:51:38 | INFO | 翻页完成。
2025-10-26 09:51:39 | INFO | 循环 #139 完成，等待 1774.9 秒进入下一轮。
2025-10-26 10:21:14 | INFO | ===== 自动化循环 #140 开始 =====
2025-10-26 10:21:14 | INFO | 模拟关键词：国药准字S
2025-10-26 10:21:36 | INFO | 翻页完成。
2025-10-26 10:21:38 | INFO | 循环 #140 完成，等待 1776.8 秒进入下一轮。
2025-10-26 10:51:14 | INFO | ===== 自动化循环 #141 开始 =====
2025-10-26 10:51:14 | INFO | 模拟关键词：国药准字Z
2025-10-26 10:51:36 | INFO | 翻页完成。
2025-10-26 10:51:38 | INFO | 循环 #141 完成，等待 1776.5 秒进入下一轮。
2025-10-26 11:21:14 | INFO | ===== 自动化循环 #142 开始 =====
2025-10-26 11:21:14 | INFO | 模拟关键词：国药准字S
2025-10-26 11:21:37 | INFO | 翻页完成。
2025-10-26 11:21:38 | INFO | 循环 #142 完成，等待 1776.2 秒进入下一轮。
2025-10-26 11:51:14 | INFO | ===== 自动化循环 #143 开始 =====
2025-10-26 11:51:14 | INFO | 模拟关键词：国药准字Z
2025-10-26 11:51:37 | INFO | 翻页完成。
2025-10-26 11:51:38 | INFO | 循环 #143 完成，等待 1776.1 秒进入下一轮。
2025-10-26 12:21:14 | INFO | ===== 自动化循环 #144 开始 =====
2025-10-26 12:21:14 | INFO | 模拟关键词：国药准字S
2025-10-26 12:21:36 | INFO | 翻页完成。
2025-10-26 12:21:38 | INFO | 循环 #144 完成，等待 1776.7 秒进入下一轮。
2025-10-26 12:51:14 | INFO | ===== 自动化循环 #145 开始 =====
2025-10-26 12:51:14 | INFO | 模拟关键词：国药准字S
2025-10-26 12:51:35 | INFO | 翻页完成。
2025-10-26 12:51:36 | INFO | 循环 #145 完成，等待 1778.0 秒进入下一轮。
2025-10-26 13:21:14 | INFO | ===== 自动化循环 #146 开始 =====
2025-10-26 13:21:14 | INFO | 模拟关键词：国药准字S
2025-10-26 13:21:36 | INFO | 翻页完成。
2025-10-26 13:21:38 | INFO | 循环 #146 完成，等待 1776.3 秒进入下一轮。
2025-10-26 13:51:14 | INFO | ===== 自动化循环 #147 开始 =====
2025-10-26 13:51:14 | INFO | 模拟关键词：国药准字Z
2025-10-26 13:51:37 | INFO | 翻页完成。
2025-10-26 13:51:38 | INFO | 循环 #147 完成，等待 1776.0 秒进入下一轮。
2025-10-26 14:21:14 | INFO | ===== 自动化循环 #148 开始 =====
2025-10-26 14:21:14 | INFO | 模拟关键词：国药准字Z
2025-10-26 14:21:37 | INFO | 翻页完成。
2025-10-26 14:21:39 | INFO | 循环 #148 完成，等待 1775.5 秒进入下一轮。
2025-10-26 14:51:14 | INFO | ===== 自动化循环 #149 开始 =====
2025-10-26 14:51:14 | INFO | 模拟关键词：国药准字H
2025-10-26 14:51:37 | INFO | 翻页完成。
2025-10-26 14:51:38 | INFO | 循环 #149 完成，等待 1775.9 秒进入下一轮。
2025-10-26 15:21:14 | INFO | ===== 自动化循环 #150 开始 =====
2025-10-26 15:21:14 | INFO | 模拟关键词：国药准字H
2025-10-26 15:21:36 | INFO | 翻页完成。
2025-10-26 15:21:38 | INFO | 循环 #150 完成，等待 1776.2 秒进入下一轮。
2025-10-26 15:51:14 | INFO | ===== 自动化循环 #151 开始 =====
2025-10-26 15:51:14 | INFO | 模拟关键词：国药准字S
2025-10-26 15:51:37 | INFO | 翻页完成。
2025-10-26 15:51:38 | INFO | 循环 #151 完成，等待 1776.0 秒进入下一轮。
2025-10-26 16:21:14 | INFO | ===== 自动化循环 #152 开始 =====
2025-10-26 16:21:14 | INFO | 模拟关键词：国药准字S
2025-10-26 16:21:35 | INFO | 翻页完成。
2025-10-26 16:21:36 | INFO | 循环 #152 完成，等待 1778.0 秒进入下一轮。
2025-10-26 16:51:14 | INFO | ===== 自动化循环 #153 开始 =====
2025-10-26 16:51:14 | INFO | 模拟关键词：国药准字Z
2025-10-26 16:51:37 | INFO | 翻页完成。
2025-10-26 16:51:38 | INFO | 循环 #153 完成，等待 1775.9 秒进入下一轮。
2025-10-26 17:21:14 | INFO | ===== 自动化循环 #154 开始 =====
2025-10-26 17:21:14 | INFO | 模拟关键词：国药准字Z
2025-10-26 17:21:35 | INFO | 翻页完成。
2025-10-26 17:21:36 | INFO | 循环 #154 完成，等待 1777.9 秒进入下一轮。
2025-10-26 17:51:14 | INFO | ===== 自动化循环 #155 开始 =====
2025-10-26 17:51:14 | INFO | 模拟关键词：国药准字Z
2025-10-26 17:51:36 | INFO | 翻页完成。
2025-10-26 17:51:38 | INFO | 循环 #155 完成，等待 1776.6 秒进入下一轮。
2025-10-26 18:21:14 | INFO | ===== 自动化循环 #156 开始 =====
2025-10-26 18:21:14 | INFO | 模拟关键词：国药准字Z
2025-10-26 18:21:37 | INFO | 翻页完成。
2025-10-26 18:21:38 | INFO | 循环 #156 完成，等待 1776.0 秒进入下一轮。
2025-10-26 18:51:14 | INFO | ===== 自动化循环 #157 开始 =====
2025-10-26 18:51:14 | INFO | 模拟关键词：国药准字Z
2025-10-26 18:51:37 | INFO | 翻页完成。
2025-10-26 18:51:39 | INFO | 循环 #157 完成，等待 1775.1 秒进入下一轮。
2025-10-26 19:21:14 | INFO | ===== 自动化循环 #158 开始 =====
2025-10-26 19:21:14 | INFO | 模拟关键词：国药准字Z
2025-10-26 19:21:37 | INFO | 翻页完成。
2025-10-26 19:21:38 | INFO | 循环 #158 完成，等待 1776.3 秒进入下一轮。
2025-10-26 19:51:14 | INFO | ===== 自动化循环 #159 开始 =====
2025-10-26 19:51:14 | INFO | 模拟关键词：国药准字S
2025-10-26 19:51:36 | INFO | 翻页完成。
2025-10-26 19:51:37 | INFO | 循环 #159 完成，等待 1777.2 秒进入下一轮。
2025-10-26 20:21:14 | INFO | ===== 自动化循环 #160 开始 =====
2025-10-26 20:21:14 | INFO | 模拟关键词：国药准字H
2025-10-26 20:21:36 | INFO | 翻页完成。
2025-10-26 20:21:38 | INFO | 循环 #160 完成，等待 1776.1 秒进入下一轮。
2025-10-26 20:51:14 | INFO | ===== 自动化循环 #161 开始 =====
2025-10-26 20:51:14 | INFO | 模拟关键词：国药准字Z
2025-10-26 20:51:38 | INFO | 翻页完成。
2025-10-26 20:51:39 | INFO | 循环 #161 完成，等待 1775.1 秒进入下一轮。
2025-10-26 21:21:14 | INFO | ===== 自动化循环 #162 开始 =====
2025-10-26 21:21:14 | INFO | 模拟关键词：国药准字H
2025-10-26 21:21:38 | INFO | 翻页完成。
2025-10-26 21:21:40 | INFO | 循环 #162 完成，等待 1774.2 秒进入下一轮。
2025-10-26 21:51:14 | INFO | ===== 自动化循环 #163 开始 =====
2025-10-26 21:51:14 | INFO | 模拟关键词：国药准字H
2025-10-26 21:51:37 | INFO | 翻页完成。
2025-10-26 21:51:38 | INFO | 循环 #163 完成，等待 1775.9 秒进入下一轮。
2025-10-26 22:21:14 | INFO | ===== 自动化循环 #164 开始 =====
2025-10-26 22:21:14 | INFO | 模拟关键词：国药准字S
2025-10-26 22:21:35 | INFO | 翻页完成。
2025-10-26 22:21:36 | INFO | 循环 #164 完成，等待 1778.0 秒进入下一轮。
2025-10-26 22:51:14 | INFO | ===== 自动化循环 #165 开始 =====
2025-10-26 22:51:14 | INFO | 模拟关键词：国药准字S
2025-10-26 22:51:37 | INFO | 翻页完成。
2025-10-26 22:51:38 | INFO | 循环 #165 完成，等待 1776.2 秒进入下一轮。
2025-10-26 23:21:14 | INFO | ===== 自动化循环 #166 开始 =====
2025-10-26 23:21:14 | INFO | 模拟关键词：国药准字S
2025-10-26 23:21:37 | INFO | 翻页完成。
2025-10-26 23:21:38 | INFO | 循环 #166 完成，等待 1776.5 秒进入下一轮。
2025-10-26 23:51:14 | INFO | ===== 自动化循环 #167 开始 =====
2025-10-26 23:51:14 | INFO | 模拟关键词：国药准字S
2025-10-26 23:51:35 | INFO | 翻页完成。
2025-10-26 23:51:36 | INFO | 循环 #167 完成，等待 1777.8 秒进入下一轮。
2025-10-27 00:21:14 | INFO | ===== 自动化循环 #168 开始 =====
2025-10-27 00:21:14 | INFO | 模拟关键词：国药准字H
2025-10-27 00:21:36 | INFO | 翻页完成。
2025-10-27 00:21:38 | INFO | 循环 #168 完成，等待 1776.0 秒进入下一轮。
2025-10-27 00:51:14 | INFO | ===== 自动化循环 #169 开始 =====
2025-10-27 00:51:14 | INFO | 模拟关键词：国药准字S
2025-10-27 00:51:36 | INFO | 翻页完成。
2025-10-27 00:51:38 | INFO | 循环 #169 完成，等待 1776.1 秒进入下一轮。
2025-10-27 01:21:14 | INFO | ===== 自动化循环 #170 开始 =====
2025-10-27 01:21:14 | INFO | 模拟关键词：国药准字H
2025-10-27 01:21:36 | INFO | 翻页完成。
2025-10-27 01:21:38 | INFO | 循环 #170 完成，等待 1776.3 秒进入下一轮。
2025-10-27 01:51:14 | INFO | ===== 自动化循环 #171 开始 =====
2025-10-27 01:51:14 | INFO | 模拟关键词：国药准字Z
2025-10-27 01:51:37 | INFO | 翻页完成。
2025-10-27 01:51:39 | INFO | 循环 #171 完成，等待 1775.7 秒进入下一轮。
2025-10-27 02:21:14 | INFO | ===== 自动化循环 #172 开始 =====
2025-10-27 02:21:14 | INFO | 模拟关键词：国药准字S
2025-10-27 02:21:35 | INFO | 翻页完成。
2025-10-27 02:21:36 | INFO | 循环 #172 完成，等待 1778.0 秒进入下一轮。
2025-10-27 02:51:14 | INFO | ===== 自动化循环 #173 开始 =====
2025-10-27 02:51:14 | INFO | 模拟关键词：国药准字Z
2025-10-27 02:51:36 | INFO | 翻页完成。
2025-10-27 02:51:38 | INFO | 循环 #173 完成，等待 1776.3 秒进入下一轮。
2025-10-27 03:21:14 | INFO | ===== 自动化循环 #174 开始 =====
2025-10-27 03:21:14 | INFO | 模拟关键词：国药准字H
2025-10-27 03:21:35 | INFO | 翻页完成。
2025-10-27 03:21:36 | INFO | 循环 #174 完成，等待 1777.8 秒进入下一轮。
2025-10-27 03:51:14 | INFO | ===== 自动化循环 #175 开始 =====
2025-10-27 03:51:14 | INFO | 模拟关键词：国药准字Z
2025-10-27 03:51:37 | INFO | 翻页完成。
2025-10-27 03:51:39 | INFO | 循环 #175 完成，等待 1775.3 秒进入下一轮。
2025-10-27 04:21:14 | INFO | ===== 自动化循环 #176 开始 =====
2025-10-27 04:21:14 | INFO | 模拟关键词：国药准字S
2025-10-27 04:21:38 | INFO | 翻页完成。
2025-10-27 04:21:39 | INFO | 循环 #176 完成，等待 1775.4 秒进入下一轮。
2025-10-27 04:51:14 | INFO | ===== 自动化循环 #177 开始 =====
2025-10-27 04:51:14 | INFO | 模拟关键词：国药准字S
2025-10-27 04:51:36 | INFO | 翻页完成。
2025-10-27 04:51:38 | INFO | 循环 #177 完成，等待 1776.7 秒进入下一轮。
2025-10-27 05:21:14 | INFO | ===== 自动化循环 #178 开始 =====
2025-10-27 05:21:14 | INFO | 模拟关键词：国药准字Z
2025-10-27 05:21:36 | INFO | 翻页完成。
2025-10-27 05:21:37 | INFO | 循环 #178 完成，等待 1777.4 秒进入下一轮。
2025-10-27 05:51:14 | INFO | ===== 自动化循环 #179 开始 =====
2025-10-27 05:51:14 | INFO | 模拟关键词：国药准字H
2025-10-27 05:51:37 | INFO | 翻页完成。
2025-10-27 05:51:39 | INFO | 循环 #179 完成，等待 1775.7 秒进入下一轮。
2025-10-27 06:21:14 | INFO | ===== 自动化循环 #180 开始 =====
2025-10-27 06:21:14 | INFO | 模拟关键词：国药准字H
2025-10-27 06:21:37 | INFO | 翻页完成。
2025-10-27 06:21:38 | INFO | 循环 #180 完成，等待 1776.6 秒进入下一轮。
2025-10-27 06:51:14 | INFO | ===== 自动化循环 #181 开始 =====
2025-10-27 06:51:14 | INFO | 模拟关键词：国药准字Z
2025-10-27 06:51:37 | INFO | 翻页完成。
2025-10-27 06:51:39 | INFO | 循环 #181 完成，等待 1775.6 秒进入下一轮。
2025-10-27 07:21:14 | INFO | ===== 自动化循环 #182 开始 =====
2025-10-27 07:21:14 | INFO | 模拟关键词：国药准字H
2025-10-27 07:21:35 | INFO | 翻页完成。
2025-10-27 07:21:36 | INFO | 循环 #182 完成，等待 1778.5 秒进入下一轮。
2025-10-27 07:51:14 | INFO | ===== 自动化循环 #183 开始 =====
2025-10-27 07:51:14 | INFO | 模拟关键词：国药准字H
2025-10-27 07:51:37 | INFO | 翻页完成。
2025-10-27 07:51:39 | INFO | 循环 #183 完成，等待 1775.7 秒进入下一轮。
2025-10-27 08:21:14 | INFO | ===== 自动化循环 #184 开始 =====
2025-10-27 08:21:14 | INFO | 模拟关键词：国药准字S
2025-10-27 08:21:35 | INFO | 翻页完成。
2025-10-27 08:21:37 | INFO | 循环 #184 完成，等待 1777.8 秒进入下一轮。
2025-10-27 08:51:14 | INFO | ===== 自动化循环 #185 开始 =====
2025-10-27 08:51:14 | INFO | 模拟关键词：国药准字S
2025-10-27 08:51:36 | INFO | 翻页完成。
2025-10-27 08:51:38 | INFO | 循环 #185 完成，等待 1775.9 秒进入下一轮。
2025-10-27 09:21:14 | INFO | ===== 自动化循环 #186 开始 =====
2025-10-27 09:21:14 | INFO | 模拟关键词：国药准字H
2025-10-27 09:21:35 | INFO | 翻页完成。
2025-10-27 09:21:37 | INFO | 循环 #186 完成，等待 1777.5 秒进入下一轮。
2025-10-27 09:51:14 | INFO | ===== 自动化循环 #187 开始 =====
2025-10-27 09:51:14 | INFO | 模拟关键词：国药准字Z
2025-10-27 09:51:37 | INFO | 翻页完成。
2025-10-27 09:51:39 | INFO | 循环 #187 完成，等待 1775.7 秒进入下一轮。
2025-10-27 10:21:14 | INFO | ===== 自动化循环 #188 开始 =====
2025-10-27 10:21:14 | INFO | 模拟关键词：国药准字H
2025-10-27 10:21:36 | INFO | 翻页完成。
2025-10-27 10:21:38 | INFO | 循环 #188 完成，等待 1776.4 秒进入下一轮。
2025-10-27 10:51:14 | INFO | ===== 自动化循环 #189 开始 =====
2025-10-27 10:51:14 | INFO | 模拟关键词：国药准字S
2025-10-27 10:51:37 | INFO | 翻页完成。
2025-10-27 10:51:39 | INFO | 循环 #189 完成，等待 1775.7 秒进入下一轮。
2025-10-27 11:21:14 | INFO | ===== 自动化循环 #190 开始 =====
2025-10-27 11:21:14 | INFO | 模拟关键词：国药准字H
2025-10-27 11:21:37 | INFO | 翻页完成。
2025-10-27 11:21:39 | INFO | 循环 #190 完成，等待 1775.4 秒进入下一轮。
2025-10-27 11:51:14 | INFO | ===== 自动化循环 #191 开始 =====
2025-10-27 11:51:14 | INFO | 模拟关键词：国药准字H
2025-10-27 11:51:38 | INFO | 翻页完成。
2025-10-27 11:51:40 | INFO | 循环 #191 完成，等待 1774.6 秒进入下一轮。
2025-10-27 12:21:14 | INFO | ===== 自动化循环 #192 开始 =====
2025-10-27 12:21:14 | INFO | 模拟关键词：国药准字H
2025-10-27 12:21:37 | INFO | 翻页完成。
2025-10-27 12:21:39 | INFO | 循环 #192 完成，等待 1775.2 秒进入下一轮。
2025-10-27 12:51:14 | INFO | ===== 自动化循环 #193 开始 =====
2025-10-27 12:51:14 | INFO | 模拟关键词：国药准字S
2025-10-27 12:51:38 | INFO | 翻页完成。
2025-10-27 12:51:39 | INFO | 循环 #193 完成，等待 1774.9 秒进入下一轮。
2025-10-27 13:21:14 | INFO | ===== 自动化循环 #194 开始 =====
2025-10-27 13:21:14 | INFO | 模拟关键词：国药准字S
2025-10-27 13:21:36 | INFO | 翻页完成。
2025-10-27 13:21:37 | INFO | 循环 #194 完成，等待 1777.1 秒进入下一轮。
2025-10-27 13:51:14 | INFO | ===== 自动化循环 #195 开始 =====
2025-10-27 13:51:14 | INFO | 模拟关键词：国药准字S
2025-10-27 13:51:35 | INFO | 翻页完成。
2025-10-27 13:51:36 | INFO | 循环 #195 完成，等待 1778.3 秒进入下一轮。
2025-10-27 14:21:14 | INFO | ===== 自动化循环 #196 开始 =====
2025-10-27 14:21:14 | INFO | 模拟关键词：国药准字S
2025-10-27 14:21:36 | INFO | 翻页完成。
2025-10-27 14:21:37 | INFO | 循环 #196 完成，等待 1777.3 秒进入下一轮。
2025-10-27 14:51:14 | INFO | ===== 自动化循环 #197 开始 =====
2025-10-27 14:51:14 | INFO | 模拟关键词：国药准字S
2025-10-27 14:51:37 | INFO | 翻页完成。
2025-10-27 14:51:38 | INFO | 循环 #197 完成，等待 1776.8 秒进入下一轮。
2025-10-27 15:21:14 | INFO | ===== 自动化循环 #198 开始 =====
2025-10-27 15:21:14 | INFO | 模拟关键词：国药准字H
2025-10-27 15:21:36 | INFO | 翻页完成。
2025-10-27 15:21:38 | INFO | 循环 #198 完成，等待 1776.1 秒进入下一轮。
2025-10-27 15:51:14 | INFO | ===== 自动化循环 #199 开始 =====
2025-10-27 15:51:14 | INFO | 模拟关键词：国药准字Z
2025-10-27 15:51:37 | INFO | 翻页完成。
2025-10-27 15:51:38 | INFO | 循环 #199 完成，等待 1775.9 秒进入下一轮。
2025-10-27 16:21:14 | INFO | ===== 自动化循环 #200 开始 =====
2025-10-27 16:21:14 | INFO | 模拟关键词：国药准字S
2025-10-27 16:21:36 | INFO | 翻页完成。
2025-10-27 16:21:38 | INFO | 循环 #200 完成，等待 1776.4 秒进入下一轮。
2025-10-27 16:51:14 | INFO | ===== 自动化循环 #201 开始 =====
2025-10-27 16:51:14 | INFO | 模拟关键词：国药准字S
2025-10-27 16:51:35 | INFO | 翻页完成。
2025-10-27 16:51:36 | INFO | 循环 #201 完成，等待 1777.9 秒进入下一轮。
2025-10-27 17:21:14 | INFO | ===== 自动化循环 #202 开始 =====
2025-10-27 17:21:14 | INFO | 模拟关键词：国药准字H
2025-10-27 17:21:37 | INFO | 翻页完成。
2025-10-27 17:21:39 | INFO | 循环 #202 完成，等待 1775.8 秒进入下一轮。
2025-10-27 17:51:14 | INFO | ===== 自动化循环 #203 开始 =====
2025-10-27 17:51:14 | INFO | 模拟关键词：国药准字S
2025-10-27 17:51:38 | INFO | 翻页完成。
2025-10-27 17:51:39 | INFO | 循环 #203 完成，等待 1774.9 秒进入下一轮。
2025-10-27 18:21:14 | INFO | ===== 自动化循环 #204 开始 =====
2025-10-27 18:21:14 | INFO | 模拟关键词：国药准字H
2025-10-27 18:21:36 | INFO | 翻页完成。
2025-10-27 18:21:38 | INFO | 循环 #204 完成，等待 1776.8 秒进入下一轮。
2025-10-27 18:51:14 | INFO | ===== 自动化循环 #205 开始 =====
2025-10-27 18:51:14 | INFO | 模拟关键词：国药准字Z
2025-10-27 18:51:38 | INFO | 翻页完成。
2025-10-27 18:51:39 | INFO | 循环 #205 完成，等待 1775.4 秒进入下一轮。
2025-10-27 19:21:14 | INFO | ===== 自动化循环 #206 开始 =====
2025-10-27 19:21:14 | INFO | 模拟关键词：国药准字Z
2025-10-27 19:21:37 | INFO | 翻页完成。
2025-10-27 19:21:39 | INFO | 循环 #206 完成，等待 1775.6 秒进入下一轮。
2025-10-27 19:51:14 | INFO | ===== 自动化循环 #207 开始 =====
2025-10-27 19:51:14 | INFO | 模拟关键词：国药准字H
2025-10-27 19:51:36 | INFO | 翻页完成。
2025-10-27 19:51:38 | INFO | 循环 #207 完成，等待 1776.6 秒进入下一轮。
2025-10-27 20:21:14 | INFO | ===== 自动化循环 #208 开始 =====
2025-10-27 20:21:14 | INFO | 模拟关键词：国药准字H
2025-10-27 20:21:37 | INFO | 翻页完成。
2025-10-27 20:21:39 | INFO | 循环 #208 完成，等待 1775.8 秒进入下一轮。
2025-10-27 20:51:14 | INFO | ===== 自动化循环 #209 开始 =====
2025-10-27 20:51:14 | INFO | 模拟关键词：国药准字H
2025-10-27 20:51:38 | INFO | 翻页完成。
2025-10-27 20:51:39 | INFO | 循环 #209 完成，等待 1775.4 秒进入下一轮。
2025-10-27 21:21:14 | INFO | ===== 自动化循环 #210 开始 =====
2025-10-27 21:21:14 | INFO | 模拟关键词：国药准字Z
2025-10-27 21:21:37 | INFO | 翻页完成。
2025-10-27 21:21:39 | INFO | 循环 #210 完成，等待 1775.6 秒进入下一轮。
2025-10-27 21:51:14 | INFO | ===== 自动化循环 #211 开始 =====
2025-10-27 21:51:14 | INFO | 模拟关键词：国药准字H
2025-10-27 21:51:37 | INFO | 翻页完成。
2025-10-27 21:51:39 | INFO | 循环 #211 完成，等待 1775.4 秒进入下一轮。
2025-10-27 22:21:14 | INFO | ===== 自动化循环 #212 开始 =====
2025-10-27 22:21:14 | INFO | 模拟关键词：国药准字H
2025-10-27 22:21:38 | INFO | 翻页完成。
2025-10-27 22:21:39 | INFO | 循环 #212 完成，等待 1775.2 秒进入下一轮。
2025-10-27 22:51:14 | INFO | ===== 自动化循环 #213 开始 =====
2025-10-27 22:51:14 | INFO | 模拟关键词：国药准字S
2025-10-27 22:51:36 | INFO | 翻页完成。
2025-10-27 22:51:38 | INFO | 循环 #213 完成，等待 1776.4 秒进入下一轮。
2025-10-27 23:21:14 | INFO | ===== 自动化循环 #214 开始 =====
2025-10-27 23:21:14 | INFO | 模拟关键词：国药准字S
2025-10-27 23:21:35 | INFO | 翻页完成。
2025-10-27 23:21:36 | INFO | 循环 #214 完成，等待 1778.2 秒进入下一轮。
2025-10-27 23:51:14 | INFO | ===== 自动化循环 #215 开始 =====
2025-10-27 23:51:14 | INFO | 模拟关键词：国药准字S
2025-10-27 23:51:38 | INFO | 翻页完成。
2025-10-27 23:51:40 | INFO | 循环 #215 完成，等待 1774.7 秒进入下一轮。
2025-10-28 00:21:14 | INFO | ===== 自动化循环 #216 开始 =====
2025-10-28 00:21:14 | INFO | 模拟关键词：国药准字S
2025-10-28 00:21:38 | INFO | 翻页完成。
2025-10-28 00:21:39 | INFO | 循环 #216 完成，等待 1774.9 秒进入下一轮。
2025-10-28 00:51:14 | INFO | ===== 自动化循环 #217 开始 =====
2025-10-28 00:51:14 | INFO | 模拟关键词：国药准字S
2025-10-28 00:51:37 | INFO | 翻页完成。
2025-10-28 00:51:39 | INFO | 循环 #217 完成，等待 1775.2 秒进入下一轮。
2025-10-28 01:21:14 | INFO | ===== 自动化循环 #218 开始 =====
2025-10-28 01:21:14 | INFO | 模拟关键词：国药准字Z
2025-10-28 01:21:36 | INFO | 翻页完成。
2025-10-28 01:21:38 | INFO | 循环 #218 完成，等待 1776.4 秒进入下一轮。
2025-10-28 01:51:14 | INFO | ===== 自动化循环 #219 开始 =====
2025-10-28 01:51:14 | INFO | 模拟关键词：国药准字Z
2025-10-28 01:51:37 | INFO | 翻页完成。
2025-10-28 01:51:39 | INFO | 循环 #219 完成，等待 1775.5 秒进入下一轮。
2025-10-28 02:21:14 | INFO | ===== 自动化循环 #220 开始 =====
2025-10-28 02:21:14 | INFO | 模拟关键词：国药准字S
2025-10-28 02:21:35 | INFO | 翻页完成。
2025-10-28 02:21:37 | INFO | 循环 #220 完成，等待 1777.3 秒进入下一轮。
2025-10-28 02:51:14 | INFO | ===== 自动化循环 #221 开始 =====
2025-10-28 02:51:14 | INFO | 模拟关键词：国药准字Z
2025-10-28 02:51:36 | INFO | 翻页完成。
2025-10-28 02:51:38 | INFO | 循环 #221 完成，等待 1776.6 秒进入下一轮。
2025-10-28 03:21:14 | INFO | ===== 自动化循环 #222 开始 =====
2025-10-28 03:21:14 | INFO | 模拟关键词：国药准字Z
2025-10-28 03:21:37 | INFO | 翻页完成。
2025-10-28 03:21:38 | INFO | 循环 #222 完成，等待 1776.4 秒进入下一轮。
2025-10-28 03:51:14 | INFO | ===== 自动化循环 #223 开始 =====
2025-10-28 03:51:14 | INFO | 模拟关键词：国药准字S
2025-10-28 03:51:37 | INFO | 翻页完成。
2025-10-28 03:51:39 | INFO | 循环 #223 完成，等待 1775.7 秒进入下一轮。
2025-10-28 04:21:14 | INFO | ===== 自动化循环 #224 开始 =====
2025-10-28 04:21:14 | INFO | 模拟关键词：国药准字S
2025-10-28 04:21:37 | INFO | 翻页完成。
2025-10-28 04:21:39 | INFO | 循环 #224 完成，等待 1775.6 秒进入下一轮。
2025-10-28 04:51:14 | INFO | ===== 自动化循环 #225 开始 =====
2025-10-28 04:51:14 | INFO | 模拟关键词：国药准字Z
2025-10-28 04:51:37 | INFO | 翻页完成。
2025-10-28 04:51:39 | INFO | 循环 #225 完成，等待 1775.0 秒进入下一轮。
2025-10-28 05:21:14 | INFO | ===== 自动化循环 #226 开始 =====
2025-10-28 05:21:14 | INFO | 模拟关键词：国药准字H
2025-10-28 05:21:37 | INFO | 翻页完成。
2025-10-28 05:21:39 | INFO | 循环 #226 完成，等待 1775.8 秒进入下一轮。
2025-10-28 05:51:14 | INFO | ===== 自动化循环 #227 开始 =====
2025-10-28 05:51:14 | INFO | 模拟关键词：国药准字S
2025-10-28 05:51:35 | INFO | 翻页完成。
2025-10-28 05:51:37 | INFO | 循环 #227 完成，等待 1777.7 秒进入下一轮。
2025-10-28 06:21:14 | INFO | ===== 自动化循环 #228 开始 =====
2025-10-28 06:21:14 | INFO | 模拟关键词：国药准字H
2025-10-28 06:21:36 | INFO | 翻页完成。
2025-10-28 06:21:37 | INFO | 循环 #228 完成，等待 1777.0 秒进入下一轮。
2025-10-28 06:51:14 | INFO | ===== 自动化循环 #229 开始 =====
2025-10-28 06:51:14 | INFO | 模拟关键词：国药准字H
2025-10-28 06:51:36 | INFO | 翻页完成。
2025-10-28 06:51:38 | INFO | 循环 #229 完成，等待 1776.4 秒进入下一轮。
2025-10-28 07:21:14 | INFO | ===== 自动化循环 #230 开始 =====
2025-10-28 07:21:14 | INFO | 模拟关键词：国药准字H
2025-10-28 07:21:37 | INFO | 翻页完成。
2025-10-28 07:21:39 | INFO | 循环 #230 完成，等待 1775.8 秒进入下一轮。
2025-10-28 07:51:14 | INFO | ===== 自动化循环 #231 开始 =====
2025-10-28 07:51:14 | INFO | 模拟关键词：国药准字H
2025-10-28 07:51:36 | INFO | 翻页完成。
2025-10-28 07:51:38 | INFO | 循环 #231 完成，等待 1776.7 秒进入下一轮。
2025-10-28 08:21:14 | INFO | ===== 自动化循环 #232 开始 =====
2025-10-28 08:21:14 | INFO | 模拟关键词：国药准字Z
2025-10-28 08:21:37 | INFO | 翻页完成。
2025-10-28 08:21:39 | INFO | 循环 #232 完成，等待 1775.8 秒进入下一轮。
2025-10-28 08:51:14 | INFO | ===== 自动化循环 #233 开始 =====
2025-10-28 08:51:14 | INFO | 模拟关键词：国药准字S
2025-10-28 08:51:35 | INFO | 翻页完成。
2025-10-28 08:51:37 | INFO | 循环 #233 完成，等待 1777.6 秒进入下一轮。
2025-10-28 09:21:14 | INFO | ===== 自动化循环 #234 开始 =====
2025-10-28 09:21:14 | INFO | 模拟关键词：国药准字Z
2025-10-28 09:21:36 | INFO | 翻页完成。
2025-10-28 09:21:38 | INFO | 循环 #234 完成，等待 1776.7 秒进入下一轮。
2025-10-28 09:51:14 | INFO | ===== 自动化循环 #235 开始 =====
2025-10-28 09:51:14 | INFO | 模拟关键词：国药准字H
2025-10-28 09:51:38 | INFO | 翻页完成。
2025-10-28 09:51:40 | INFO | 循环 #235 完成，等待 1774.7 秒进入下一轮。
2025-10-28 10:21:14 | INFO | ===== 自动化循环 #236 开始 =====
2025-10-28 10:21:14 | INFO | 模拟关键词：国药准字H
2025-10-28 10:21:37 | INFO | 翻页完成。
2025-10-28 10:21:39 | INFO | 循环 #236 完成，等待 1775.8 秒进入下一轮。
2025-10-28 10:51:14 | INFO | ===== 自动化循环 #237 开始 =====
2025-10-28 10:51:14 | INFO | 模拟关键词：国药准字Z
2025-10-28 10:51:36 | INFO | 翻页完成。
2025-10-28 10:51:37 | INFO | 循环 #237 完成，等待 1777.2 秒进入下一轮。
2025-10-28 11:21:14 | INFO | ===== 自动化循环 #238 开始 =====
2025-10-28 11:21:14 | INFO | 模拟关键词：国药准字Z
2025-10-28 11:21:36 | INFO | 翻页完成。
2025-10-28 11:21:37 | INFO | 循环 #238 完成，等待 1777.0 秒进入下一轮。
2025-10-28 11:51:14 | INFO | ===== 自动化循环 #239 开始 =====
2025-10-28 11:51:14 | INFO | 模拟关键词：国药准字H
2025-10-28 11:51:36 | INFO | 翻页完成。
2025-10-28 11:51:38 | INFO | 循环 #239 完成，等待 1776.8 秒进入下一轮。
2025-10-28 12:21:14 | INFO | ===== 自动化循环 #240 开始 =====
2025-10-28 12:21:14 | INFO | 模拟关键词：国药准字S
2025-10-28 12:21:37 | INFO | 翻页完成。
2025-10-28 12:21:38 | INFO | 循环 #240 完成，等待 1776.3 秒进入下一轮。
2025-10-28 12:51:14 | INFO | ===== 自动化循环 #241 开始 =====
2025-10-28 12:51:14 | INFO | 模拟关键词：国药准字Z
2025-10-28 12:51:36 | INFO | 翻页完成。
2025-10-28 12:51:38 | INFO | 循环 #241 完成，等待 1776.8 秒进入下一轮。
2025-10-28 13:21:14 | INFO | ===== 自动化循环 #242 开始 =====
2025-10-28 13:21:14 | INFO | 模拟关键词：国药准字Z
2025-10-28 13:21:37 | INFO | 翻页完成。
2025-10-28 13:21:39 | INFO | 循环 #242 完成，等待 1775.7 秒进入下一轮。
2025-10-28 13:51:14 | INFO | ===== 自动化循环 #243 开始 =====
2025-10-28 13:51:14 | INFO | 模拟关键词：国药准字Z
2025-10-28 13:51:36 | INFO | 翻页完成。
2025-10-28 13:51:38 | INFO | 循环 #243 完成，等待 1776.7 秒进入下一轮。
2025-10-28 14:21:14 | INFO | ===== 自动化循环 #244 开始 =====
2025-10-28 14:21:14 | INFO | 模拟关键词：国药准字Z
2025-10-28 14:21:38 | INFO | 翻页完成。
2025-10-28 14:21:40 | INFO | 循环 #244 完成，等待 1774.1 秒进入下一轮。
2025-10-28 14:51:14 | INFO | ===== 自动化循环 #245 开始 =====
2025-10-28 14:51:14 | INFO | 模拟关键词：国药准字H
2025-10-28 14:51:35 | INFO | 翻页完成。
2025-10-28 14:51:37 | INFO | 循环 #245 完成，等待 1777.2 秒进入下一轮。
2025-10-28 15:21:14 | INFO | ===== 自动化循环 #246 开始 =====
2025-10-28 15:21:14 | INFO | 模拟关键词：国药准字H
2025-10-28 15:21:35 | INFO | 翻页完成。
2025-10-28 15:21:37 | INFO | 循环 #246 完成，等待 1777.7 秒进入下一轮。
2025-10-28 15:51:14 | INFO | ===== 自动化循环 #247 开始 =====
2025-10-28 15:51:14 | INFO | 模拟关键词：国药准字H
2025-10-28 15:51:37 | INFO | 翻页完成。
2025-10-28 15:51:38 | INFO | 循环 #247 完成，等待 1776.0 秒进入下一轮。
2025-10-28 16:21:14 | INFO | ===== 自动化循环 #248 开始 =====
2025-10-28 16:21:14 | INFO | 模拟关键词：国药准字H
2025-10-28 16:21:35 | INFO | 翻页完成。
2025-10-28 16:21:37 | INFO | 循环 #248 完成，等待 1777.2 秒进入下一轮。
2025-10-28 16:51:14 | INFO | ===== 自动化循环 #249 开始 =====
2025-10-28 16:51:14 | INFO | 模拟关键词：国药准字Z
2025-10-28 16:51:38 | INFO | 翻页完成。
2025-10-28 16:51:40 | INFO | 循环 #249 完成，等待 1774.4 秒进入下一轮。
2025-10-28 17:21:14 | INFO | ===== 自动化循环 #250 开始 =====
2025-10-28 17:21:14 | INFO | 模拟关键词：国药准字H
2025-10-28 17:21:35 | INFO | 翻页完成。
2025-10-28 17:21:37 | INFO | 循环 #250 完成，等待 1777.3 秒进入下一轮。
2025-10-28 17:51:14 | INFO | ===== 自动化循环 #251 开始 =====
2025-10-28 17:51:14 | INFO | 模拟关键词：国药准字H
2025-10-28 17:51:37 | INFO | 翻页完成。
2025-10-28 17:51:38 | INFO | 循环 #251 完成，等待 1776.0 秒进入下一轮。
2025-10-28 18:21:14 | INFO | ===== 自动化循环 #252 开始 =====
2025-10-28 18:21:14 | INFO | 模拟关键词：国药准字Z
2025-10-28 18:21:37 | INFO | 翻页完成。
2025-10-28 18:21:39 | INFO | 循环 #252 完成，等待 1775.3 秒进入下一轮。
2025-10-28 18:51:14 | INFO | ===== 自动化循环 #253 开始 =====
2025-10-28 18:51:14 | INFO | 模拟关键词：国药准字S
2025-10-28 18:51:37 | INFO | 翻页完成。
2025-10-28 18:51:38 | INFO | 循环 #253 完成，等待 1776.1 秒进入下一轮。
2025-10-28 19:21:14 | INFO | ===== 自动化循环 #254 开始 =====
2025-10-28 19:21:14 | INFO | 模拟关键词：国药准字S
2025-10-28 19:21:38 | INFO | 翻页完成。
2025-10-28 19:21:39 | INFO | 循环 #254 完成，等待 1775.0 秒进入下一轮。
2025-10-28 19:51:14 | INFO | ===== 自动化循环 #255 开始 =====
2025-10-28 19:51:14 | INFO | 模拟关键词：国药准字Z
2025-10-28 19:51:37 | INFO | 翻页完成。
2025-10-28 19:51:39 | INFO | 循环 #255 完成，等待 1775.8 秒进入下一轮。
2025-10-28 20:21:14 | INFO | ===== 自动化循环 #256 开始 =====
2025-10-28 20:21:14 | INFO | 模拟关键词：国药准字H
2025-10-28 20:21:38 | INFO | 翻页完成。
2025-10-28 20:21:40 | INFO | 循环 #256 完成，等待 1774.3 秒进入下一轮。
2025-10-28 20:51:14 | INFO | ===== 自动化循环 #257 开始 =====
2025-10-28 20:51:14 | INFO | 模拟关键词：国药准字Z
2025-10-28 20:51:37 | INFO | 翻页完成。
2025-10-28 20:51:38 | INFO | 循环 #257 完成，等待 1776.0 秒进入下一轮。
2025-10-28 21:21:14 | INFO | ===== 自动化循环 #258 开始 =====
2025-10-28 21:21:14 | INFO | 模拟关键词：国药准字H
2025-10-28 21:21:36 | INFO | 翻页完成。
2025-10-28 21:21:37 | INFO | 循环 #258 完成，等待 1777.4 秒进入下一轮。
2025-10-28 21:51:14 | INFO | ===== 自动化循环 #259 开始 =====
2025-10-28 21:51:14 | INFO | 模拟关键词：国药准字H
2025-10-28 21:51:36 | INFO | 翻页完成。
2025-10-28 21:51:37 | INFO | 循环 #259 完成，等待 1777.1 秒进入下一轮。
2025-10-28 22:21:14 | INFO | ===== 自动化循环 #260 开始 =====
2025-10-28 22:21:14 | INFO | 模拟关键词：国药准字H
2025-10-28 22:21:35 | INFO | 翻页完成。
2025-10-28 22:21:37 | INFO | 循环 #260 完成，等待 1777.6 秒进入下一轮。
2025-10-28 22:51:14 | INFO | ===== 自动化循环 #261 开始 =====
2025-10-28 22:51:14 | INFO | 模拟关键词：国药准字Z
2025-10-28 22:51:37 | INFO | 翻页完成。
2025-10-28 22:51:39 | INFO | 循环 #261 完成，等待 1775.7 秒进入下一轮。
2025-10-28 23:21:14 | INFO | ===== 自动化循环 #262 开始 =====
2025-10-28 23:21:14 | INFO | 模拟关键词：国药准字H
2025-10-28 23:21:36 | INFO | 翻页完成。
2025-10-28 23:21:37 | INFO | 循环 #262 完成，等待 1776.9 秒进入下一轮。
2025-10-28 23:51:14 | INFO | ===== 自动化循环 #263 开始 =====
2025-10-28 23:51:14 | INFO | 模拟关键词：国药准字Z
2025-10-28 23:51:38 | INFO | 翻页完成。
2025-10-28 23:51:39 | INFO | 循环 #263 完成，等待 1775.3 秒进入下一轮。
2025-10-29 00:21:14 | INFO | ===== 自动化循环 #264 开始 =====
2025-10-29 00:21:14 | INFO | 模拟关键词：国药准字H
2025-10-29 00:21:37 | INFO | 翻页完成。
2025-10-29 00:21:39 | INFO | 循环 #264 完成，等待 1775.5 秒进入下一轮。
2025-10-29 00:51:14 | INFO | ===== 自动化循环 #265 开始 =====
2025-10-29 00:51:14 | INFO | 模拟关键词：国药准字Z
2025-10-29 00:51:37 | INFO | 翻页完成。
2025-10-29 00:51:38 | INFO | 循环 #265 完成，等待 1775.9 秒进入下一轮。
2025-10-29 01:21:14 | INFO | ===== 自动化循环 #266 开始 =====
2025-10-29 01:21:14 | INFO | 模拟关键词：国药准字H
2025-10-29 01:21:37 | INFO | 翻页完成。
2025-10-29 01:21:38 | INFO | 循环 #266 完成，等待 1776.0 秒进入下一轮。
2025-10-29 01:51:14 | INFO | ===== 自动化循环 #267 开始 =====
2025-10-29 01:51:14 | INFO | 模拟关键词：国药准字S
2025-10-29 01:51:37 | INFO | 翻页完成。
2025-10-29 01:51:38 | INFO | 循环 #267 完成，等待 1776.6 秒进入下一轮。
2025-10-29 02:21:14 | INFO | ===== 自动化循环 #268 开始 =====
2025-10-29 02:21:14 | INFO | 模拟关键词：国药准字H
2025-10-29 02:21:37 | INFO | 翻页完成。
2025-10-29 02:21:39 | INFO | 循环 #268 完成，等待 1775.7 秒进入下一轮。
2025-10-29 02:51:14 | INFO | ===== 自动化循环 #269 开始 =====
2025-10-29 02:51:14 | INFO | 模拟关键词：国药准字S
2025-10-29 02:51:36 | INFO | 翻页完成。
2025-10-29 02:51:37 | INFO | 循环 #269 完成，等待 1777.0 秒进入下一轮。
2025-10-29 03:21:14 | INFO | ===== 自动化循环 #270 开始 =====
2025-10-29 03:21:14 | INFO | 模拟关键词：国药准字H
2025-10-29 03:21:36 | INFO | 翻页完成。
2025-10-29 03:21:37 | INFO | 循环 #270 完成，等待 1777.6 秒进入下一轮。
2025-10-29 03:51:14 | INFO | ===== 自动化循环 #271 开始 =====
2025-10-29 03:51:14 | INFO | 模拟关键词：国药准字Z
2025-10-29 03:51:37 | INFO | 翻页完成。
2025-10-29 03:51:39 | INFO | 循环 #271 完成，等待 1775.7 秒进入下一轮。
2025-10-29 04:21:14 | INFO | ===== 自动化循环 #272 开始 =====
2025-10-29 04:21:14 | INFO | 模拟关键词：国药准字H
2025-10-29 04:21:37 | INFO | 翻页完成。
2025-10-29 04:21:39 | INFO | 循环 #272 完成，等待 1775.4 秒进入下一轮。
2025-10-29 04:51:14 | INFO | ===== 自动化循环 #273 开始 =====
2025-10-29 04:51:14 | INFO | 模拟关键词：国药准字H
2025-10-29 04:51:34 | INFO | 翻页完成。
2025-10-29 04:51:35 | INFO | 循环 #273 完成，等待 1779.0 秒进入下一轮。
2025-10-29 05:21:14 | INFO | ===== 自动化循环 #274 开始 =====
2025-10-29 05:21:14 | INFO | 模拟关键词：国药准字S
2025-10-29 05:21:35 | INFO | 翻页完成。
2025-10-29 05:21:37 | INFO | 循环 #274 完成，等待 1777.4 秒进入下一轮。
2025-10-29 05:51:14 | INFO | ===== 自动化循环 #275 开始 =====
2025-10-29 05:51:14 | INFO | 模拟关键词：国药准字S
2025-10-29 05:51:37 | INFO | 翻页完成。
2025-10-29 05:51:39 | INFO | 循环 #275 完成，等待 1775.5 秒进入下一轮。
2025-10-29 06:21:14 | INFO | ===== 自动化循环 #276 开始 =====
2025-10-29 06:21:14 | INFO | 模拟关键词：国药准字S
2025-10-29 06:21:35 | INFO | 翻页完成。
2025-10-29 06:21:36 | INFO | 循环 #276 完成，等待 1777.9 秒进入下一轮。
2025-10-29 06:51:14 | INFO | ===== 自动化循环 #277 开始 =====
2025-10-29 06:51:14 | INFO | 模拟关键词：国药准字H
2025-10-29 06:51:37 | INFO | 翻页完成。
2025-10-29 06:51:38 | INFO | 循环 #277 完成，等待 1776.4 秒进入下一轮。
2025-10-29 07:21:14 | INFO | ===== 自动化循环 #278 开始 =====
2025-10-29 07:21:14 | INFO | 模拟关键词：国药准字H
2025-10-29 07:21:36 | INFO | 翻页完成。
2025-10-29 07:21:37 | INFO | 循环 #278 完成，等待 1777.1 秒进入下一轮。
2025-10-29 07:51:14 | INFO | ===== 自动化循环 #279 开始 =====
2025-10-29 07:51:14 | INFO | 模拟关键词：国药准字H
2025-10-29 07:51:36 | INFO | 翻页完成。
2025-10-29 07:51:38 | INFO | 循环 #279 完成，等待 1776.1 秒进入下一轮。
2025-10-29 08:21:14 | INFO | ===== 自动化循环 #280 开始 =====
2025-10-29 08:21:14 | INFO | 模拟关键词：国药准字S
2025-10-29 08:21:35 | INFO | 翻页完成。
2025-10-29 08:21:36 | INFO | 循环 #280 完成，等待 1778.0 秒进入下一轮。
2025-10-29 08:51:14 | INFO | ===== 自动化循环 #281 开始 =====
2025-10-29 08:51:14 | INFO | 模拟关键词：国药准字Z
2025-10-29 08:51:36 | INFO | 翻页完成。
2025-10-29 08:51:38 | INFO | 循环 #281 完成，等待 1776.8 秒进入下一轮。
2025-10-29 09:21:14 | INFO | ===== 自动化循环 #282 开始 =====
2025-10-29 09:21:14 | INFO | 模拟关键词：国药准字S
2025-10-29 09:21:37 | INFO | 翻页完成。
2025-10-29 09:21:38 | INFO | 循环 #282 完成，等待 1776.2 秒进入下一轮。
2025-10-29 09:51:14 | INFO | ===== 自动化循环 #283 开始 =====
2025-10-29 09:51:14 | INFO | 模拟关键词：国药准字Z
2025-10-29 09:51:36 | INFO | 翻页完成。
2025-10-29 09:51:38 | INFO | 循环 #283 完成，等待 1776.5 秒进入下一轮。
2025-10-29 10:21:14 | INFO | ===== 自动化循环 #284 开始 =====
2025-10-29 10:21:14 | INFO | 模拟关键词：国药准字H
2025-10-29 10:21:36 | INFO | 翻页完成。
2025-10-29 10:21:37 | INFO | 循环 #284 完成，等待 1777.3 秒进入下一轮。
2025-10-29 10:51:14 | INFO | ===== 自动化循环 #285 开始 =====
2025-10-29 10:51:14 | INFO | 模拟关键词：国药准字H
2025-10-29 10:51:36 | INFO | 翻页完成。
2025-10-29 10:51:37 | INFO | 循环 #285 完成，等待 1777.4 秒进入下一轮。
2025-10-29 11:21:14 | INFO | ===== 自动化循环 #286 开始 =====
2025-10-29 11:21:14 | INFO | 模拟关键词：国药准字S
2025-10-29 11:21:36 | INFO | 翻页完成。
2025-10-29 11:21:37 | INFO | 循环 #286 完成，等待 1777.2 秒进入下一轮。
2025-10-29 11:51:14 | INFO | ===== 自动化循环 #287 开始 =====
2025-10-29 11:51:14 | INFO | 模拟关键词：国药准字Z
2025-10-29 11:51:37 | INFO | 翻页完成。
2025-10-29 11:51:39 | INFO | 循环 #287 完成，等待 1775.3 秒进入下一轮。
2025-10-29 12:21:14 | INFO | ===== 自动化循环 #288 开始 =====
2025-10-29 12:21:14 | INFO | 模拟关键词：国药准字Z
2025-10-29 12:21:38 | INFO | 翻页完成。
2025-10-29 12:21:39 | INFO | 循环 #288 完成，等待 1775.9 秒进入下一轮。
2025-10-29 12:51:14 | INFO | ===== 自动化循环 #289 开始 =====
2025-10-29 12:51:14 | INFO | 模拟关键词：国药准字H
2025-10-29 12:51:35 | INFO | 翻页完成。
2025-10-29 12:51:36 | INFO | 循环 #289 完成，等待 1778.0 秒进入下一轮。
2025-10-29 13:21:14 | INFO | ===== 自动化循环 #290 开始 =====
2025-10-29 13:21:14 | INFO | 模拟关键词：国药准字Z
2025-10-29 13:21:36 | INFO | 翻页完成。
2025-10-29 13:21:38 | INFO | 循环 #290 完成，等待 1776.3 秒进入下一轮。
2025-10-29 13:51:14 | INFO | ===== 自动化循环 #291 开始 =====
2025-10-29 13:51:14 | INFO | 模拟关键词：国药准字S
2025-10-29 13:51:38 | INFO | 翻页完成。
2025-10-29 13:51:39 | INFO | 循环 #291 完成，等待 1775.6 秒进入下一轮。
2025-10-29 14:21:14 | INFO | ===== 自动化循环 #292 开始 =====
2025-10-29 14:21:14 | INFO | 模拟关键词：国药准字H
2025-10-29 14:21:37 | INFO | 翻页完成。
2025-10-29 14:21:39 | INFO | 循环 #292 完成，等待 1775.6 秒进入下一轮。
2025-10-29 14:51:14 | INFO | ===== 自动化循环 #293 开始 =====
2025-10-29 14:51:14 | INFO | 模拟关键词：国药准字Z
2025-10-29 14:51:36 | INFO | 翻页完成。
2025-10-29 14:51:38 | INFO | 循环 #293 完成，等待 1776.7 秒进入下一轮。
2025-10-29 15:21:14 | INFO | ===== 自动化循环 #294 开始 =====
2025-10-29 15:21:14 | INFO | 模拟关键词：国药准字H
2025-10-29 15:21:38 | INFO | 翻页完成。
2025-10-29 15:21:39 | INFO | 循环 #294 完成，等待 1775.3 秒进入下一轮。
2025-10-29 15:51:14 | INFO | ===== 自动化循环 #295 开始 =====
2025-10-29 15:51:14 | INFO | 模拟关键词：国药准字Z
2025-10-29 15:51:36 | INFO | 翻页完成。
2025-10-29 15:51:38 | INFO | 循环 #295 完成，等待 1776.8 秒进入下一轮。
2025-10-29 16:21:14 | INFO | ===== 自动化循环 #296 开始 =====
2025-10-29 16:21:14 | INFO | 模拟关键词：国药准字S
2025-10-29 16:21:36 | INFO | 翻页完成。
2025-10-29 16:21:37 | INFO | 循环 #296 完成，等待 1776.9 秒进入下一轮。
2025-10-29 16:51:14 | INFO | ===== 自动化循环 #297 开始 =====
2025-10-29 16:51:14 | INFO | 模拟关键词：国药准字Z
2025-10-29 16:51:35 | INFO | 翻页完成。
2025-10-29 16:51:37 | INFO | 循环 #297 完成，等待 1777.7 秒进入下一轮。
2025-10-29 17:21:14 | INFO | ===== 自动化循环 #298 开始 =====
2025-10-29 17:21:14 | INFO | 模拟关键词：国药准字S
2025-10-29 17:21:37 | INFO | 翻页完成。
2025-10-29 17:21:38 | INFO | 循环 #298 完成，等待 1776.8 秒进入下一轮。
2025-10-29 17:51:14 | INFO | ===== 自动化循环 #299 开始 =====
2025-10-29 17:51:14 | INFO | 模拟关键词：国药准字H
2025-10-29 17:51:35 | INFO | 翻页完成。
2025-10-29 17:51:37 | INFO | 循环 #299 完成，等待 1777.9 秒进入下一轮。
2025-10-29 18:21:14 | INFO | ===== 自动化循环 #300 开始 =====
2025-10-29 18:21:14 | INFO | 模拟关键词：国药准字S
2025-10-29 18:21:37 | INFO | 翻页完成。
2025-10-29 18:21:39 | INFO | 循环 #300 完成，等待 1775.7 秒进入下一轮。
2025-10-29 18:51:14 | INFO | ===== 自动化循环 #301 开始 =====
2025-10-29 18:51:14 | INFO | 模拟关键词：国药准字H
2025-10-29 18:51:35 | INFO | 翻页完成。
2025-10-29 18:51:36 | INFO | 循环 #301 完成，等待 1778.1 秒进入下一轮。
2025-10-29 19:21:14 | INFO | ===== 自动化循环 #302 开始 =====
2025-10-29 19:21:14 | INFO | 模拟关键词：国药准字Z
2025-10-29 19:21:37 | INFO | 翻页完成。
2025-10-29 19:21:38 | INFO | 循环 #302 完成，等待 1776.5 秒进入下一轮。
2025-10-29 19:51:14 | INFO | ===== 自动化循环 #303 开始 =====
2025-10-29 19:51:14 | INFO | 模拟关键词：国药准字H
2025-10-29 19:51:38 | INFO | 翻页完成。
2025-10-29 19:51:40 | INFO | 循环 #303 完成，等待 1774.8 秒进入下一轮。
2025-10-29 20:21:14 | INFO | ===== 自动化循环 #304 开始 =====
2025-10-29 20:21:14 | INFO | 模拟关键词：国药准字S
2025-10-29 20:21:37 | INFO | 翻页完成。
2025-10-29 20:21:39 | INFO | 循环 #304 完成，等待 1775.2 秒进入下一轮。
2025-10-29 20:51:14 | INFO | ===== 自动化循环 #305 开始 =====
2025-10-29 20:51:14 | INFO | 模拟关键词：国药准字S
2025-10-29 20:51:36 | INFO | 翻页完成。
2025-10-29 20:51:38 | INFO | 循环 #305 完成，等待 1776.7 秒进入下一轮。
2025-10-29 21:21:14 | INFO | ===== 自动化循环 #306 开始 =====
2025-10-29 21:21:14 | INFO | 模拟关键词：国药准字S
2025-10-29 21:21:36 | INFO | 翻页完成。
2025-10-29 21:21:38 | INFO | 循环 #306 完成，等待 1776.8 秒进入下一轮。
2025-10-29 21:51:14 | INFO | ===== 自动化循环 #307 开始 =====
2025-10-29 21:51:14 | INFO | 模拟关键词：国药准字H
2025-10-29 21:51:37 | INFO | 翻页完成。
2025-10-29 21:51:38 | INFO | 循环 #307 完成，等待 1775.9 秒进入下一轮。
2025-10-29 22:21:14 | INFO | ===== 自动化循环 #308 开始 =====
2025-10-29 22:21:14 | INFO | 模拟关键词：国药准字H
2025-10-29 22:21:36 | INFO | 翻页完成。
2025-10-29 22:21:37 | INFO | 循环 #308 完成，等待 1777.1 秒进入下一轮。
2025-10-29 22:51:14 | INFO | ===== 自动化循环 #309 开始 =====
2025-10-29 22:51:14 | INFO | 模拟关键词：国药准字Z
2025-10-29 22:51:38 | INFO | 翻页完成。
2025-10-29 22:51:39 | INFO | 循环 #309 完成，等待 1775.5 秒进入下一轮。
2025-10-29 23:21:14 | INFO | ===== 自动化循环 #310 开始 =====
2025-10-29 23:21:14 | INFO | 模拟关键词：国药准字H
2025-10-29 23:21:37 | INFO | 翻页完成。
2025-10-29 23:21:38 | INFO | 循环 #310 完成，等待 1776.0 秒进入下一轮。
2025-10-29 23:51:14 | INFO | ===== 自动化循环 #311 开始 =====
2025-10-29 23:51:14 | INFO | 模拟关键词：国药准字H
2025-10-29 23:51:35 | INFO | 翻页完成。
2025-10-29 23:51:36 | INFO | 循环 #311 完成，等待 1778.2 秒进入下一轮。
2025-10-30 00:21:14 | INFO | ===== 自动化循环 #312 开始 =====
2025-10-30 00:21:14 | INFO | 模拟关键词：国药准字Z
2025-10-30 00:21:35 | INFO | 翻页完成。
2025-10-30 00:21:37 | INFO | 循环 #312 完成，等待 1777.5 秒进入下一轮。
2025-10-30 00:51:14 | INFO | ===== 自动化循环 #313 开始 =====
2025-10-30 00:51:14 | INFO | 模拟关键词：国药准字S
2025-10-30 00:51:36 | INFO | 翻页完成。
2025-10-30 00:51:38 | INFO | 循环 #313 完成，等待 1776.9 秒进入下一轮。
2025-10-30 01:21:14 | INFO | ===== 自动化循环 #314 开始 =====
2025-10-30 01:21:14 | INFO | 模拟关键词：国药准字S
2025-10-30 01:21:37 | INFO | 翻页完成。
2025-10-30 01:21:39 | INFO | 循环 #314 完成，等待 1775.6 秒进入下一轮。
2025-10-30 01:51:14 | INFO | ===== 自动化循环 #315 开始 =====
2025-10-30 01:51:14 | INFO | 模拟关键词：国药准字S
2025-10-30 01:51:38 | INFO | 翻页完成。
2025-10-30 01:51:40 | INFO | 循环 #315 完成，等待 1774.6 秒进入下一轮。
2025-10-30 02:21:14 | INFO | ===== 自动化循环 #316 开始 =====
2025-10-30 02:21:14 | INFO | 模拟关键词：国药准字Z
2025-10-30 02:21:36 | INFO | 翻页完成。
2025-10-30 02:21:38 | INFO | 循环 #316 完成，等待 1776.9 秒进入下一轮。
2025-10-30 02:51:14 | INFO | ===== 自动化循环 #317 开始 =====
2025-10-30 02:51:14 | INFO | 模拟关键词：国药准字Z
2025-10-30 02:51:35 | INFO | 翻页完成。
2025-10-30 02:51:37 | INFO | 循环 #317 完成，等待 1777.6 秒进入下一轮。
2025-10-30 03:21:14 | INFO | ===== 自动化循环 #318 开始 =====
2025-10-30 03:21:14 | INFO | 模拟关键词：国药准字H
2025-10-30 03:21:37 | INFO | 翻页完成。
2025-10-30 03:21:39 | INFO | 循环 #318 完成，等待 1775.4 秒进入下一轮。
2025-10-30 03:51:14 | INFO | ===== 自动化循环 #319 开始 =====
2025-10-30 03:51:14 | INFO | 模拟关键词：国药准字H
2025-10-30 03:51:37 | INFO | 翻页完成。
2025-10-30 03:51:38 | INFO | 循环 #319 完成，等待 1776.2 秒进入下一轮。
2025-10-30 04:21:14 | INFO | ===== 自动化循环 #320 开始 =====
2025-10-30 04:21:14 | INFO | 模拟关键词：国药准字H
2025-10-30 04:21:36 | INFO | 翻页完成。
2025-10-30 04:21:38 | INFO | 循环 #320 完成，等待 1776.6 秒进入下一轮。
2025-10-30 04:51:14 | INFO | ===== 自动化循环 #321 开始 =====
2025-10-30 04:51:14 | INFO | 模拟关键词：国药准字S
2025-10-30 04:51:35 | INFO | 翻页完成。
2025-10-30 04:51:37 | INFO | 循环 #321 完成，等待 1777.0 秒进入下一轮。
2025-10-30 05:21:14 | INFO | ===== 自动化循环 #322 开始 =====
2025-10-30 05:21:14 | INFO | 模拟关键词：国药准字S
2025-10-30 05:21:36 | INFO | 翻页完成。
2025-10-30 05:21:38 | INFO | 循环 #322 完成，等待 1776.7 秒进入下一轮。
2025-10-30 05:51:14 | INFO | ===== 自动化循环 #323 开始 =====
2025-10-30 05:51:14 | INFO | 模拟关键词：国药准字H
2025-10-30 05:51:37 | INFO | 翻页完成。
2025-10-30 05:51:38 | INFO | 循环 #323 完成，等待 1776.4 秒进入下一轮。
2025-10-30 06:21:14 | INFO | ===== 自动化循环 #324 开始 =====
2025-10-30 06:21:14 | INFO | 模拟关键词：国药准字Z
2025-10-30 06:21:37 | INFO | 翻页完成。
2025-10-30 06:21:38 | INFO | 循环 #324 完成，等待 1776.0 秒进入下一轮。
2025-10-30 06:51:14 | INFO | ===== 自动化循环 #325 开始 =====
2025-10-30 06:51:14 | INFO | 模拟关键词：国药准字H
2025-10-30 06:51:37 | INFO | 翻页完成。
2025-10-30 06:51:38 | INFO | 循环 #325 完成，等待 1776.8 秒进入下一轮。
2025-10-30 07:21:14 | INFO | ===== 自动化循环 #326 开始 =====
2025-10-30 07:21:14 | INFO | 模拟关键词：国药准字S
2025-10-30 07:21:36 | INFO | 翻页完成。
2025-10-30 07:21:38 | INFO | 循环 #326 完成，等待 1776.7 秒进入下一轮。
2025-10-30 07:51:14 | INFO | ===== 自动化循环 #327 开始 =====
2025-10-30 07:51:14 | INFO | 模拟关键词：国药准字Z
2025-10-30 07:51:36 | INFO | 翻页完成。
2025-10-30 07:51:38 | INFO | 循环 #327 完成，等待 1776.7 秒进入下一轮。
2025-10-30 08:21:14 | INFO | ===== 自动化循环 #328 开始 =====
2025-10-30 08:21:14 | INFO | 模拟关键词：国药准字H
2025-10-30 08:21:38 | INFO | 翻页完成。
2025-10-30 08:21:39 | INFO | 循环 #328 完成，等待 1775.1 秒进入下一轮。
2025-10-30 08:51:14 | INFO | ===== 自动化循环 #329 开始 =====
2025-10-30 08:51:14 | INFO | 模拟关键词：国药准字H
2025-10-30 08:51:35 | INFO | 翻页完成。
2025-10-30 08:51:36 | INFO | 循环 #329 完成，等待 1778.2 秒进入下一轮。
2025-10-30 09:21:14 | INFO | ===== 自动化循环 #330 开始 =====
2025-10-30 09:21:14 | INFO | 模拟关键词：国药准字Z
2025-10-30 09:21:37 | INFO | 翻页完成。
2025-10-30 09:21:39 | INFO | 循环 #330 完成，等待 1775.7 秒进入下一轮。
2025-10-30 09:51:14 | INFO | ===== 自动化循环 #331 开始 =====
2025-10-30 09:51:14 | INFO | 模拟关键词：国药准字Z
2025-10-30 09:51:37 | INFO | 翻页完成。
2025-10-30 09:51:38 | INFO | 循环 #331 完成，等待 1776.3 秒进入下一轮。
2025-10-30 10:21:14 | INFO | ===== 自动化循环 #332 开始 =====
2025-10-30 10:21:14 | INFO | 模拟关键词：国药准字S
2025-10-30 10:21:41 | INFO | 翻页完成。
2025-10-30 10:21:43 | INFO | 循环 #332 完成，等待 1771.5 秒进入下一轮。
2025-10-30 10:51:14 | INFO | ===== 自动化循环 #333 开始 =====
2025-10-30 10:51:14 | INFO | 模拟关键词：国药准字H
2025-10-30 10:51:36 | INFO | 翻页完成。
2025-10-30 10:51:38 | INFO | 循环 #333 完成，等待 1776.3 秒进入下一轮。
2025-10-30 11:21:14 | INFO | ===== 自动化循环 #334 开始 =====
2025-10-30 11:21:14 | INFO | 模拟关键词：国药准字Z
2025-10-30 11:21:37 | INFO | 翻页完成。
2025-10-30 11:21:39 | INFO | 循环 #334 完成，等待 1775.9 秒进入下一轮。
2025-10-30 11:51:14 | INFO | ===== 自动化循环 #335 开始 =====
2025-10-30 11:51:14 | INFO | 模拟关键词：国药准字S
2025-10-30 11:51:35 | INFO | 翻页完成。
2025-10-30 11:51:36 | INFO | 循环 #335 完成，等待 1778.2 秒进入下一轮。
2025-10-30 12:21:14 | INFO | ===== 自动化循环 #336 开始 =====
2025-10-30 12:21:14 | INFO | 模拟关键词：国药准字S
2025-10-30 12:21:37 | INFO | 翻页完成。
2025-10-30 12:21:39 | INFO | 循环 #336 完成，等待 1775.4 秒进入下一轮。
2025-10-30 12:51:14 | INFO | ===== 自动化循环 #337 开始 =====
2025-10-30 12:51:14 | INFO | 模拟关键词：国药准字S
2025-10-30 12:51:36 | INFO | 翻页完成。
2025-10-30 12:51:38 | INFO | 循环 #337 完成，等待 1776.8 秒进入下一轮。
2025-10-30 13:21:14 | INFO | ===== 自动化循环 #338 开始 =====
2025-10-30 13:21:14 | INFO | 模拟关键词：国药准字H
2025-10-30 13:21:37 | INFO | 翻页完成。
2025-10-30 13:21:39 | INFO | 循环 #338 完成，等待 1775.6 秒进入下一轮。
2025-10-30 13:51:14 | INFO | ===== 自动化循环 #339 开始 =====
2025-10-30 13:51:14 | INFO | 模拟关键词：国药准字H
2025-10-30 13:51:35 | INFO | 翻页完成。
2025-10-30 13:51:37 | INFO | 循环 #339 完成，等待 1777.6 秒进入下一轮。
2025-10-30 14:21:14 | INFO | ===== 自动化循环 #340 开始 =====
2025-10-30 14:21:14 | INFO | 模拟关键词：国药准字S
2025-10-30 14:21:37 | INFO | 翻页完成。
2025-10-30 14:21:39 | INFO | 循环 #340 完成，等待 1775.4 秒进入下一轮。
2025-10-30 14:51:14 | INFO | ===== 自动化循环 #341 开始 =====
2025-10-30 14:51:14 | INFO | 模拟关键词：国药准字S
2025-10-30 14:51:35 | INFO | 翻页完成。
2025-10-30 14:51:37 | INFO | 循环 #341 完成，等待 1777.6 秒进入下一轮。
2025-10-30 15:21:14 | INFO | ===== 自动化循环 #342 开始 =====
2025-10-30 15:21:14 | INFO | 模拟关键词：国药准字H
2025-10-30 15:21:35 | INFO | 翻页完成。
2025-10-30 15:21:36 | INFO | 循环 #342 完成，等待 1778.3 秒进入下一轮。
2025-10-30 15:51:14 | INFO | ===== 自动化循环 #343 开始 =====
2025-10-30 15:51:14 | INFO | 模拟关键词：国药准字Z
2025-10-30 15:51:37 | INFO | 翻页完成。
2025-10-30 15:51:38 | INFO | 循环 #343 完成，等待 1776.3 秒进入下一轮。
2025-10-30 16:21:14 | INFO | ===== 自动化循环 #344 开始 =====
2025-10-30 16:21:14 | INFO | 模拟关键词：国药准字S
2025-10-30 16:21:36 | INFO | 翻页完成。
2025-10-30 16:21:37 | INFO | 循环 #344 完成，等待 1776.9 秒进入下一轮。
2025-10-30 16:51:14 | INFO | ===== 自动化循环 #345 开始 =====
2025-10-30 16:51:14 | INFO | 模拟关键词：国药准字Z
2025-10-30 16:51:37 | INFO | 翻页完成。
2025-10-30 16:51:39 | INFO | 循环 #345 完成，等待 1775.8 秒进入下一轮。
2025-10-30 17:21:14 | INFO | ===== 自动化循环 #346 开始 =====
2025-10-30 17:21:14 | INFO | 模拟关键词：国药准字Z
2025-10-30 17:21:37 | INFO | 翻页完成。
2025-10-30 17:21:38 | INFO | 循环 #346 完成，等待 1775.9 秒进入下一轮。
2025-10-30 17:51:14 | INFO | ===== 自动化循环 #347 开始 =====
2025-10-30 17:51:14 | INFO | 模拟关键词：国药准字H
2025-10-30 17:51:36 | INFO | 翻页完成。
2025-10-30 17:51:37 | INFO | 循环 #347 完成，等待 1777.1 秒进入下一轮。
2025-10-30 18:21:14 | INFO | ===== 自动化循环 #348 开始 =====
2025-10-30 18:21:14 | INFO | 模拟关键词：国药准字Z
2025-10-30 18:21:36 | INFO | 翻页完成。
2025-10-30 18:21:38 | INFO | 循环 #348 完成，等待 1776.8 秒进入下一轮。
2025-10-30 18:51:14 | INFO | ===== 自动化循环 #349 开始 =====
2025-10-30 18:51:14 | INFO | 模拟关键词：国药准字Z
2025-10-30 18:51:37 | INFO | 翻页完成。
2025-10-30 18:51:39 | INFO | 循环 #349 完成，等待 1775.7 秒进入下一轮。
2025-10-30 19:21:14 | INFO | ===== 自动化循环 #350 开始 =====
2025-10-30 19:21:14 | INFO | 模拟关键词：国药准字H
2025-10-30 19:21:38 | INFO | 翻页完成。
2025-10-30 19:21:40 | INFO | 循环 #350 完成，等待 1774.4 秒进入下一轮。
2025-10-30 19:51:14 | INFO | ===== 自动化循环 #351 开始 =====
2025-10-30 19:51:14 | INFO | 模拟关键词：国药准字Z
2025-10-30 19:51:37 | INFO | 翻页完成。
2025-10-30 19:51:38 | INFO | 循环 #351 完成，等待 1776.2 秒进入下一轮。
2025-10-30 20:21:14 | INFO | ===== 自动化循环 #352 开始 =====
2025-10-30 20:21:14 | INFO | 模拟关键词：国药准字S
2025-10-30 20:21:36 | INFO | 翻页完成。
2025-10-30 20:21:38 | INFO | 循环 #352 完成，等待 1776.8 秒进入下一轮。
2025-10-30 20:51:14 | INFO | ===== 自动化循环 #353 开始 =====
2025-10-30 20:51:14 | INFO | 模拟关键词：国药准字S
2025-10-30 20:51:35 | INFO | 翻页完成。
2025-10-30 20:51:37 | INFO | 循环 #353 完成，等待 1777.9 秒进入下一轮。
2025-10-30 21:21:14 | INFO | ===== 自动化循环 #354 开始 =====
2025-10-30 21:21:14 | INFO | 模拟关键词：国药准字H
2025-10-30 21:21:37 | INFO | 翻页完成。
2025-10-30 21:21:38 | INFO | 循环 #354 完成，等待 1776.1 秒进入下一轮。
2025-10-30 21:51:14 | INFO | ===== 自动化循环 #355 开始 =====
2025-10-30 21:51:14 | INFO | 模拟关键词：国药准字H
2025-10-30 21:51:37 | INFO | 翻页完成。
2025-10-30 21:51:38 | INFO | 循环 #355 完成，等待 1776.0 秒进入下一轮。
2025-10-30 22:21:14 | INFO | ===== 自动化循环 #356 开始 =====
2025-10-30 22:21:14 | INFO | 模拟关键词：国药准字Z
2025-10-30 22:21:37 | INFO | 翻页完成。
2025-10-30 22:21:39 | INFO | 循环 #356 完成，等待 1775.5 秒进入下一轮。
2025-10-30 22:51:14 | INFO | ===== 自动化循环 #357 开始 =====
2025-10-30 22:51:14 | INFO | 模拟关键词：国药准字S
2025-10-30 22:51:38 | INFO | 翻页完成。
2025-10-30 22:51:40 | INFO | 循环 #357 完成，等待 1774.8 秒进入下一轮。
2025-10-30 23:21:14 | INFO | ===== 自动化循环 #358 开始 =====
2025-10-30 23:21:14 | INFO | 模拟关键词：国药准字Z
2025-10-30 23:21:37 | INFO | 翻页完成。
2025-10-30 23:21:39 | INFO | 循环 #358 完成，等待 1775.8 秒进入下一轮。
2025-10-30 23:51:14 | INFO | ===== 自动化循环 #359 开始 =====
2025-10-30 23:51:14 | INFO | 模拟关键词：国药准字S
2025-10-30 23:51:37 | INFO | 翻页完成。
2025-10-30 23:51:39 | INFO | 循环 #359 完成，等待 1775.8 秒进入下一轮。
2025-10-31 00:21:14 | INFO | ===== 自动化循环 #360 开始 =====
2025-10-31 00:21:14 | INFO | 模拟关键词：国药准字H
2025-10-31 00:21:35 | INFO | 翻页完成。
2025-10-31 00:21:37 | INFO | 循环 #360 完成，等待 1777.7 秒进入下一轮。
2025-10-31 00:51:14 | INFO | ===== 自动化循环 #361 开始 =====
2025-10-31 00:51:14 | INFO | 模拟关键词：国药准字S
2025-10-31 00:51:37 | INFO | 翻页完成。
2025-10-31 00:51:39 | INFO | 循环 #361 完成，等待 1775.8 秒进入下一轮。
2025-10-31 01:21:14 | INFO | ===== 自动化循环 #362 开始 =====
2025-10-31 01:21:14 | INFO | 模拟关键词：国药准字Z
2025-10-31 01:21:36 | INFO | 翻页完成。
2025-10-31 01:21:38 | INFO | 循环 #362 完成，等待 1776.6 秒进入下一轮。
2025-10-31 01:51:14 | INFO | ===== 自动化循环 #363 开始 =====
2025-10-31 01:51:14 | INFO | 模拟关键词：国药准字H
2025-10-31 01:51:37 | INFO | 翻页完成。
2025-10-31 01:51:38 | INFO | 循环 #363 完成，等待 1776.1 秒进入下一轮。
2025-10-31 02:21:14 | INFO | ===== 自动化循环 #364 开始 =====
2025-10-31 02:21:14 | INFO | 模拟关键词：国药准字H
2025-10-31 02:21:37 | INFO | 翻页完成。
2025-10-31 02:21:38 | INFO | 循环 #364 完成，等待 1776.0 秒进入下一轮。
2025-10-31 02:51:14 | INFO | ===== 自动化循环 #365 开始 =====
2025-10-31 02:51:14 | INFO | 模拟关键词：国药准字H
2025-10-31 02:51:38 | INFO | 翻页完成。
2025-10-31 02:51:39 | INFO | 循环 #365 完成，等待 1775.7 秒进入下一轮。
2025-10-31 03:21:14 | INFO | ===== 自动化循环 #366 开始 =====
2025-10-31 03:21:14 | INFO | 模拟关键词：国药准字H
2025-10-31 03:21:37 | INFO | 翻页完成。
2025-10-31 03:21:39 | INFO | 循环 #366 完成，等待 1775.9 秒进入下一轮。
2025-10-31 03:51:14 | INFO | ===== 自动化循环 #367 开始 =====
2025-10-31 03:51:14 | INFO | 模拟关键词：国药准字H
2025-10-31 03:51:35 | INFO | 翻页完成。
2025-10-31 03:51:37 | INFO | 循环 #367 完成，等待 1777.4 秒进入下一轮。
2025-10-31 04:21:14 | INFO | ===== 自动化循环 #368 开始 =====
2025-10-31 04:21:14 | INFO | 模拟关键词：国药准字Z
2025-10-31 04:21:35 | INFO | 翻页完成。
2025-10-31 04:21:36 | INFO | 循环 #368 完成，等待 1778.2 秒进入下一轮。
2025-10-31 04:51:14 | INFO | ===== 自动化循环 #369 开始 =====
2025-10-31 04:51:14 | INFO | 模拟关键词：国药准字H
2025-10-31 04:51:38 | INFO | 翻页完成。
2025-10-31 04:51:39 | INFO | 循环 #369 完成，等待 1775.3 秒进入下一轮。
2025-10-31 05:21:14 | INFO | ===== 自动化循环 #370 开始 =====
2025-10-31 05:21:14 | INFO | 模拟关键词：国药准字H
2025-10-31 05:21:36 | INFO | 翻页完成。
2025-10-31 05:21:38 | INFO | 循环 #370 完成，等待 1776.3 秒进入下一轮。
2025-10-31 05:51:14 | INFO | ===== 自动化循环 #371 开始 =====
2025-10-31 05:51:14 | INFO | 模拟关键词：国药准字Z
2025-10-31 05:51:37 | INFO | 翻页完成。
2025-10-31 05:51:38 | INFO | 循环 #371 完成，等待 1776.2 秒进入下一轮。
2025-10-31 06:21:14 | INFO | ===== 自动化循环 #372 开始 =====
2025-10-31 06:21:14 | INFO | 模拟关键词：国药准字H
2025-10-31 06:21:36 | INFO | 翻页完成。
2025-10-31 06:21:38 | INFO | 循环 #372 完成，等待 1776.1 秒进入下一轮。
2025-10-31 06:51:14 | INFO | ===== 自动化循环 #373 开始 =====
2025-10-31 06:51:14 | INFO | 模拟关键词：国药准字H
2025-10-31 06:51:36 | INFO | 翻页完成。
2025-10-31 06:51:38 | INFO | 循环 #373 完成，等待 1776.8 秒进入下一轮。
2025-10-31 07:21:14 | INFO | ===== 自动化循环 #374 开始 =====
2025-10-31 07:21:14 | INFO | 模拟关键词：国药准字Z
2025-10-31 07:21:36 | INFO | 翻页完成。
2025-10-31 07:21:38 | INFO | 循环 #374 完成，等待 1776.8 秒进入下一轮。
2025-10-31 07:51:14 | INFO | ===== 自动化循环 #375 开始 =====
2025-10-31 07:51:14 | INFO | 模拟关键词：国药准字S
2025-10-31 07:51:36 | INFO | 翻页完成。
2025-10-31 07:51:37 | INFO | 循环 #375 完成，等待 1777.2 秒进入下一轮。
2025-10-31 08:21:14 | INFO | ===== 自动化循环 #376 开始 =====
2025-10-31 08:21:14 | INFO | 模拟关键词：国药准字Z
2025-10-31 08:21:36 | INFO | 翻页完成。
2025-10-31 08:21:38 | INFO | 循环 #376 完成，等待 1776.8 秒进入下一轮。
2025-10-31 08:51:14 | INFO | ===== 自动化循环 #377 开始 =====
2025-10-31 08:51:14 | INFO | 模拟关键词：国药准字H
2025-10-31 08:51:39 | INFO | 翻页完成。
2025-10-31 08:51:40 | INFO | 循环 #377 完成，等待 1774.3 秒进入下一轮。
2025-10-31 09:21:14 | INFO | ===== 自动化循环 #378 开始 =====
2025-10-31 09:21:14 | INFO | 模拟关键词：国药准字S
2025-10-31 09:21:38 | INFO | 翻页完成。
2025-10-31 09:21:39 | INFO | 循环 #378 完成，等待 1775.3 秒进入下一轮。
2025-10-31 09:51:14 | INFO | ===== 自动化循环 #379 开始 =====
2025-10-31 09:51:14 | INFO | 模拟关键词：国药准字Z
2025-10-31 09:51:37 | INFO | 翻页完成。
2025-10-31 09:51:38 | INFO | 循环 #379 完成，等待 1776.2 秒进入下一轮。
2025-10-31 10:21:14 | INFO | ===== 自动化循环 #380 开始 =====
2025-10-31 10:21:14 | INFO | 模拟关键词：国药准字Z
2025-10-31 10:21:38 | INFO | 翻页完成。
2025-10-31 10:21:39 | INFO | 循环 #380 完成，等待 1775.4 秒进入下一轮。
2025-10-31 10:51:14 | INFO | ===== 自动化循环 #381 开始 =====
2025-10-31 10:51:14 | INFO | 模拟关键词：国药准字S
2025-10-31 10:51:36 | INFO | 翻页完成。
2025-10-31 10:51:38 | INFO | 循环 #381 完成，等待 1776.8 秒进入下一轮。
2025-10-31 11:21:14 | INFO | ===== 自动化循环 #382 开始 =====
2025-10-31 11:21:14 | INFO | 模拟关键词：国药准字H
2025-10-31 11:21:37 | INFO | 翻页完成。
2025-10-31 11:21:38 | INFO | 循环 #382 完成，等待 1776.5 秒进入下一轮。
2025-10-31 11:51:14 | INFO | ===== 自动化循环 #383 开始 =====
2025-10-31 11:51:14 | INFO | 模拟关键词：国药准字Z
2025-10-31 11:51:37 | INFO | 翻页完成。
2025-10-31 11:51:39 | INFO | 循环 #383 完成，等待 1775.9 秒进入下一轮。
2025-10-31 12:21:14 | INFO | ===== 自动化循环 #384 开始 =====
2025-10-31 12:21:14 | INFO | 模拟关键词：国药准字H
2025-10-31 12:21:36 | INFO | 翻页完成。
2025-10-31 12:21:38 | INFO | 循环 #384 完成，等待 1776.1 秒进入下一轮。
2025-10-31 12:51:14 | INFO | ===== 自动化循环 #385 开始 =====
2025-10-31 12:51:14 | INFO | 模拟关键词：国药准字H
2025-10-31 12:51:37 | INFO | 翻页完成。
2025-10-31 12:51:39 | INFO | 循环 #385 完成，等待 1775.3 秒进入下一轮。
2025-10-31 13:21:14 | INFO | ===== 自动化循环 #386 开始 =====
2025-10-31 13:21:14 | INFO | 模拟关键词：国药准字H
2025-10-31 13:21:37 | INFO | 翻页完成。
2025-10-31 13:21:38 | INFO | 循环 #386 完成，等待 1776.5 秒进入下一轮。
2025-10-31 13:51:14 | INFO | ===== 自动化循环 #387 开始 =====
2025-10-31 13:51:14 | INFO | 模拟关键词：国药准字H
2025-10-31 13:51:37 | INFO | 翻页完成。
2025-10-31 13:51:38 | INFO | 循环 #387 完成，等待 1775.9 秒进入下一轮。
2025-10-31 14:21:14 | INFO | ===== 自动化循环 #388 开始 =====
2025-10-31 14:21:14 | INFO | 模拟关键词：国药准字S
2025-10-31 14:21:36 | INFO | 翻页完成。
2025-10-31 14:21:37 | INFO | 循环 #388 完成，等待 1777.1 秒进入下一轮。
2025-10-31 14:51:14 | INFO | ===== 自动化循环 #389 开始 =====
2025-10-31 14:51:14 | INFO | 模拟关键词：国药准字S
2025-10-31 14:51:36 | INFO | 翻页完成。
2025-10-31 14:51:37 | INFO | 循环 #389 完成，等待 1777.3 秒进入下一轮。
2025-10-31 15:21:14 | INFO | ===== 自动化循环 #390 开始 =====
2025-10-31 15:21:14 | INFO | 模拟关键词：国药准字Z
2025-10-31 15:21:38 | INFO | 翻页完成。
2025-10-31 15:21:39 | INFO | 循环 #390 完成，等待 1775.6 秒进入下一轮。
2025-10-31 15:51:14 | INFO | ===== 自动化循环 #391 开始 =====
2025-10-31 15:51:14 | INFO | 模拟关键词：国药准字Z
2025-10-31 15:51:36 | INFO | 翻页完成。
2025-10-31 15:51:38 | INFO | 循环 #391 完成，等待 1776.7 秒进入下一轮。
2025-10-31 16:21:14 | INFO | ===== 自动化循环 #392 开始 =====
2025-10-31 16:21:14 | INFO | 模拟关键词：国药准字S
2025-10-31 16:21:35 | INFO | 翻页完成。
2025-10-31 16:21:36 | INFO | 循环 #392 完成，等待 1778.6 秒进入下一轮。
2025-10-31 16:51:14 | INFO | ===== 自动化循环 #393 开始 =====
2025-10-31 16:51:14 | INFO | 模拟关键词：国药准字Z
2025-10-31 16:51:36 | INFO | 翻页完成。
2025-10-31 16:51:37 | INFO | 循环 #393 完成，等待 1777.0 秒进入下一轮。
2025-10-31 17:21:14 | INFO | ===== 自动化循环 #394 开始 =====
2025-10-31 17:21:14 | INFO | 模拟关键词：国药准字H
2025-10-31 17:21:37 | INFO | 翻页完成。
2025-10-31 17:21:38 | INFO | 循环 #394 完成，等待 1776.6 秒进入下一轮。
2025-10-31 17:51:14 | INFO | ===== 自动化循环 #395 开始 =====
2025-10-31 17:51:14 | INFO | 模拟关键词：国药准字Z
2025-10-31 17:51:36 | INFO | 翻页完成。
2025-10-31 17:51:37 | INFO | 循环 #395 完成，等待 1777.6 秒进入下一轮。
2025-10-31 18:21:14 | INFO | ===== 自动化循环 #396 开始 =====
2025-10-31 18:21:14 | INFO | 模拟关键词：国药准字H
2025-10-31 18:21:38 | INFO | 翻页完成。
2025-10-31 18:21:39 | INFO | 循环 #396 完成，等待 1775.0 秒进入下一轮。
2025-10-31 18:51:14 | INFO | ===== 自动化循环 #397 开始 =====
2025-10-31 18:51:14 | INFO | 模拟关键词：国药准字S
2025-10-31 18:51:38 | INFO | 翻页完成。
2025-10-31 18:51:39 | INFO | 循环 #397 完成，等待 1775.0 秒进入下一轮。
2025-10-31 19:21:14 | INFO | ===== 自动化循环 #398 开始 =====
2025-10-31 19:21:14 | INFO | 模拟关键词：国药准字S
2025-10-31 19:21:37 | INFO | 翻页完成。
2025-10-31 19:21:39 | INFO | 循环 #398 完成，等待 1775.6 秒进入下一轮。
2025-10-31 19:51:14 | INFO | ===== 自动化循环 #399 开始 =====
2025-10-31 19:51:14 | INFO | 模拟关键词：国药准字S
2025-10-31 19:51:36 | INFO | 翻页完成。
2025-10-31 19:51:37 | INFO | 循环 #399 完成，等待 1777.2 秒进入下一轮。
2025-10-31 20:21:14 | INFO | ===== 自动化循环 #400 开始 =====
2025-10-31 20:21:14 | INFO | 模拟关键词：国药准字H
2025-10-31 20:21:38 | INFO | 翻页完成。
2025-10-31 20:21:39 | INFO | 循环 #400 完成，等待 1775.0 秒进入下一轮。
2025-10-31 20:51:14 | INFO | ===== 自动化循环 #401 开始 =====
2025-10-31 20:51:14 | INFO | 模拟关键词：国药准字Z
2025-10-31 20:51:38 | INFO | 翻页完成。
2025-10-31 20:51:40 | INFO | 循环 #401 完成，等待 1774.6 秒进入下一轮。
2025-10-31 21:21:14 | INFO | ===== 自动化循环 #402 开始 =====
2025-10-31 21:21:14 | INFO | 模拟关键词：国药准字S
2025-10-31 21:21:36 | INFO | 翻页完成。
2025-10-31 21:21:38 | INFO | 循环 #402 完成，等待 1776.3 秒进入下一轮。
2025-10-31 21:51:14 | INFO | ===== 自动化循环 #403 开始 =====
2025-10-31 21:51:14 | INFO | 模拟关键词：国药准字Z
2025-10-31 21:51:35 | INFO | 翻页完成。
2025-10-31 21:51:36 | INFO | 循环 #403 完成，等待 1778.0 秒进入下一轮。
2025-10-31 22:21:14 | INFO | ===== 自动化循环 #404 开始 =====
2025-10-31 22:21:14 | INFO | 模拟关键词：国药准字H
2025-10-31 22:21:36 | INFO | 翻页完成。
2025-10-31 22:21:37 | INFO | 循环 #404 完成，等待 1777.1 秒进入下一轮。
2025-10-31 22:51:14 | INFO | ===== 自动化循环 #405 开始 =====
2025-10-31 22:51:14 | INFO | 模拟关键词：国药准字Z
2025-10-31 22:51:36 | INFO | 翻页完成。
2025-10-31 22:51:37 | INFO | 循环 #405 完成，等待 1777.4 秒进入下一轮。
2025-10-31 23:21:14 | INFO | ===== 自动化循环 #406 开始 =====
2025-10-31 23:21:14 | INFO | 模拟关键词：国药准字Z
2025-10-31 23:21:38 | INFO | 翻页完成。
2025-10-31 23:21:39 | INFO | 循环 #406 完成，等待 1775.3 秒进入下一轮。
2025-10-31 23:51:14 | INFO | ===== 自动化循环 #407 开始 =====
2025-10-31 23:51:14 | INFO | 模拟关键词：国药准字S
2025-10-31 23:51:37 | INFO | 翻页完成。
2025-10-31 23:51:38 | INFO | 循环 #407 完成，等待 1776.9 秒进入下一轮。
2025-11-01 00:21:14 | INFO | ===== 自动化循环 #408 开始 =====
2025-11-01 00:21:14 | INFO | 模拟关键词：国药准字S
2025-11-01 00:21:36 | INFO | 翻页完成。
2025-11-01 00:21:38 | INFO | 循环 #408 完成，等待 1776.5 秒进入下一轮。
2025-11-01 00:51:14 | INFO | ===== 自动化循环 #409 开始 =====
2025-11-01 00:51:14 | INFO | 模拟关键词：国药准字Z
2025-11-01 00:51:37 | INFO | 翻页完成。
2025-11-01 00:51:38 | INFO | 循环 #409 完成，等待 1776.4 秒进入下一轮。
2025-11-01 01:21:14 | INFO | ===== 自动化循环 #410 开始 =====
2025-11-01 01:21:14 | INFO | 模拟关键词：国药准字S
2025-11-01 01:21:36 | INFO | 翻页完成。
2025-11-01 01:21:38 | INFO | 循环 #410 完成，等待 1776.2 秒进入下一轮。
2025-11-01 01:51:14 | INFO | ===== 自动化循环 #411 开始 =====
2025-11-01 01:51:14 | INFO | 模拟关键词：国药准字Z
2025-11-01 01:51:34 | INFO | 翻页完成。
2025-11-01 01:51:36 | INFO | 循环 #411 完成，等待 1778.1 秒进入下一轮。
2025-11-01 02:21:14 | INFO | ===== 自动化循环 #412 开始 =====
2025-11-01 02:21:14 | INFO | 模拟关键词：国药准字S
2025-11-01 02:21:36 | INFO | 翻页完成。
2025-11-01 02:21:38 | INFO | 循环 #412 完成，等待 1776.5 秒进入下一轮。
2025-11-01 02:51:14 | INFO | ===== 自动化循环 #413 开始 =====
2025-11-01 02:51:14 | INFO | 模拟关键词：国药准字S
2025-11-01 02:51:36 | INFO | 翻页完成。
2025-11-01 02:51:37 | INFO | 循环 #413 完成，等待 1777.0 秒进入下一轮。
2025-11-01 03:21:14 | INFO | ===== 自动化循环 #414 开始 =====
2025-11-01 03:21:14 | INFO | 模拟关键词：国药准字S
2025-11-01 03:21:36 | INFO | 翻页完成。
2025-11-01 03:21:38 | INFO | 循环 #414 完成，等待 1776.8 秒进入下一轮。
2025-11-01 03:51:14 | INFO | ===== 自动化循环 #415 开始 =====
2025-11-01 03:51:14 | INFO | 模拟关键词：国药准字S
2025-11-01 03:51:38 | INFO | 翻页完成。
2025-11-01 03:51:39 | INFO | 循环 #415 完成，等待 1775.4 秒进入下一轮。
2025-11-01 04:21:14 | INFO | ===== 自动化循环 #416 开始 =====
2025-11-01 04:21:14 | INFO | 模拟关键词：国药准字H
2025-11-01 04:21:38 | INFO | 翻页完成。
2025-11-01 04:21:39 | INFO | 循环 #416 完成，等待 1775.4 秒进入下一轮。
2025-11-01 04:51:14 | INFO | ===== 自动化循环 #417 开始 =====
2025-11-01 04:51:14 | INFO | 模拟关键词：国药准字H
2025-11-01 04:51:36 | INFO | 翻页完成。
2025-11-01 04:51:37 | INFO | 循环 #417 完成，等待 1777.2 秒进入下一轮。
2025-11-01 05:21:14 | INFO | ===== 自动化循环 #418 开始 =====
2025-11-01 05:21:14 | INFO | 模拟关键词：国药准字Z
2025-11-01 05:21:37 | INFO | 翻页完成。
2025-11-01 05:21:38 | INFO | 循环 #418 完成，等待 1776.2 秒进入下一轮。
2025-11-01 05:51:14 | INFO | ===== 自动化循环 #419 开始 =====
2025-11-01 05:51:14 | INFO | 模拟关键词：国药准字H
2025-11-01 05:51:35 | INFO | 翻页完成。
2025-11-01 05:51:36 | INFO | 循环 #419 完成，等待 1778.3 秒进入下一轮。
2025-11-01 06:21:14 | INFO | ===== 自动化循环 #420 开始 =====
2025-11-01 06:21:14 | INFO | 模拟关键词：国药准字S
2025-11-01 06:21:37 | INFO | 翻页完成。
2025-11-01 06:21:39 | INFO | 循环 #420 完成，等待 1775.9 秒进入下一轮。
2025-11-01 06:51:14 | INFO | ===== 自动化循环 #421 开始 =====
2025-11-01 06:51:14 | INFO | 模拟关键词：国药准字H
2025-11-01 06:51:37 | INFO | 翻页完成。
2025-11-01 06:51:39 | INFO | 循环 #421 完成，等待 1775.2 秒进入下一轮。
2025-11-01 07:21:14 | INFO | ===== 自动化循环 #422 开始 =====
2025-11-01 07:21:14 | INFO | 模拟关键词：国药准字H
2025-11-01 07:21:35 | INFO | 翻页完成。
2025-11-01 07:21:37 | INFO | 循环 #422 完成，等待 1777.4 秒进入下一轮。
2025-11-01 07:51:14 | INFO | ===== 自动化循环 #423 开始 =====
2025-11-01 07:51:14 | INFO | 模拟关键词：国药准字S
2025-11-01 07:51:37 | INFO | 翻页完成。
2025-11-01 07:51:39 | INFO | 循环 #423 完成，等待 1775.5 秒进入下一轮。
2025-11-01 08:21:14 | INFO | ===== 自动化循环 #424 开始 =====
2025-11-01 08:21:14 | INFO | 模拟关键词：国药准字H
2025-11-01 08:21:37 | INFO | 翻页完成。
2025-11-01 08:21:38 | INFO | 循环 #424 完成，等待 1776.2 秒进入下一轮。
2025-11-01 08:51:14 | INFO | ===== 自动化循环 #425 开始 =====
2025-11-01 08:51:14 | INFO | 模拟关键词：国药准字Z
2025-11-01 08:51:36 | INFO | 翻页完成。
2025-11-01 08:51:37 | INFO | 循环 #425 完成，等待 1777.2 秒进入下一轮。
2025-11-01 09:21:14 | INFO | ===== 自动化循环 #426 开始 =====
2025-11-01 09:21:14 | INFO | 模拟关键词：国药准字S
2025-11-01 09:21:38 | INFO | 翻页完成。
2025-11-01 09:21:39 | INFO | 循环 #426 完成，等待 1775.8 秒进入下一轮。
2025-11-01 09:51:14 | INFO | ===== 自动化循环 #427 开始 =====
2025-11-01 09:51:14 | INFO | 模拟关键词：国药准字S
2025-11-01 09:51:37 | INFO | 翻页完成。
2025-11-01 09:51:38 | INFO | 循环 #427 完成，等待 1776.0 秒进入下一轮。
2025-11-01 10:21:14 | INFO | ===== 自动化循环 #428 开始 =====
2025-11-01 10:21:14 | INFO | 模拟关键词：国药准字H
2025-11-01 10:21:36 | INFO | 翻页完成。
2025-11-01 10:21:38 | INFO | 循环 #428 完成，等待 1776.4 秒进入下一轮。
2025-11-01 10:51:14 | INFO | ===== 自动化循环 #429 开始 =====
2025-11-01 10:51:14 | INFO | 模拟关键词：国药准字S
2025-11-01 10:51:35 | INFO | 翻页完成。
2025-11-01 10:51:37 | INFO | 循环 #429 完成，等待 1777.4 秒进入下一轮。
2025-11-01 11:21:14 | INFO | ===== 自动化循环 #430 开始 =====
2025-11-01 11:21:14 | INFO | 模拟关键词：国药准字S
2025-11-01 11:21:38 | INFO | 翻页完成。
2025-11-01 11:21:39 | INFO | 循环 #430 完成，等待 1775.0 秒进入下一轮。
2025-11-01 11:51:14 | INFO | ===== 自动化循环 #431 开始 =====
2025-11-01 11:51:14 | INFO | 模拟关键词：国药准字Z
2025-11-01 11:51:36 | INFO | 翻页完成。
2025-11-01 11:51:37 | INFO | 循环 #431 完成，等待 1777.7 秒进入下一轮。
2025-11-01 12:21:14 | INFO | ===== 自动化循环 #432 开始 =====
2025-11-01 12:21:14 | INFO | 模拟关键词：国药准字S
2025-11-01 12:21:37 | INFO | 翻页完成。
2025-11-01 12:21:38 | INFO | 循环 #432 完成，等待 1776.5 秒进入下一轮。
2025-11-01 12:51:14 | INFO | ===== 自动化循环 #433 开始 =====
2025-11-01 12:51:14 | INFO | 模拟关键词：国药准字Z
2025-11-01 12:51:36 | INFO | 翻页完成。
2025-11-01 12:51:37 | INFO | 循环 #433 完成，等待 1777.0 秒进入下一轮。
2025-11-01 13:21:14 | INFO | ===== 自动化循环 #434 开始 =====
2025-11-01 13:21:14 | INFO | 模拟关键词：国药准字S
2025-11-01 13:21:37 | INFO | 翻页完成。
2025-11-01 13:21:38 | INFO | 循环 #434 完成，等待 1776.2 秒进入下一轮。
2025-11-01 13:51:14 | INFO | ===== 自动化循环 #435 开始 =====
2025-11-01 13:51:14 | INFO | 模拟关键词：国药准字H
2025-11-01 13:51:37 | INFO | 翻页完成。
2025-11-01 13:51:39 | INFO | 循环 #435 完成，等待 1775.6 秒进入下一轮。
2025-11-01 14:21:14 | INFO | ===== 自动化循环 #436 开始 =====
2025-11-01 14:21:14 | INFO | 模拟关键词：国药准字S
2025-11-01 14:21:37 | INFO | 翻页完成。
2025-11-01 14:21:38 | INFO | 循环 #436 完成，等待 1776.3 秒进入下一轮。
2025-11-01 14:51:14 | INFO | ===== 自动化循环 #437 开始 =====
2025-11-01 14:51:14 | INFO | 模拟关键词：国药准字S
2025-11-01 14:51:36 | INFO | 翻页完成。
2025-11-01 14:51:37 | INFO | 循环 #437 完成，等待 1777.2 秒进入下一轮。
2025-11-01 15:21:14 | INFO | ===== 自动化循环 #438 开始 =====
2025-11-01 15:21:14 | INFO | 模拟关键词：国药准字Z
2025-11-01 15:21:37 | INFO | 翻页完成。
2025-11-01 15:21:39 | INFO | 循环 #438 完成，等待 1775.4 秒进入下一轮。
2025-11-01 15:51:14 | INFO | ===== 自动化循环 #439 开始 =====
2025-11-01 15:51:14 | INFO | 模拟关键词：国药准字Z
2025-11-01 15:51:38 | INFO | 翻页完成。
2025-11-01 15:51:39 | INFO | 循环 #439 完成，等待 1775.1 秒进入下一轮。
2025-11-01 16:21:14 | INFO | ===== 自动化循环 #440 开始 =====
2025-11-01 16:21:14 | INFO | 模拟关键词：国药准字H
2025-11-01 16:21:36 | INFO | 翻页完成。
2025-11-01 16:21:38 | INFO | 循环 #440 完成，等待 1776.3 秒进入下一轮。
2025-11-01 16:51:14 | INFO | ===== 自动化循环 #441 开始 =====
2025-11-01 16:51:14 | INFO | 模拟关键词：国药准字Z
2025-11-01 16:51:38 | INFO | 翻页完成。
2025-11-01 16:51:39 | INFO | 循环 #441 完成，等待 1775.4 秒进入下一轮。
2025-11-01 17:21:14 | INFO | ===== 自动化循环 #442 开始 =====
2025-11-01 17:21:14 | INFO | 模拟关键词：国药准字H
2025-11-01 17:21:36 | INFO | 翻页完成。
2025-11-01 17:21:38 | INFO | 循环 #442 完成，等待 1776.4 秒进入下一轮。
2025-11-01 17:51:14 | INFO | ===== 自动化循环 #443 开始 =====
2025-11-01 17:51:14 | INFO | 模拟关键词：国药准字Z
2025-11-01 17:51:37 | INFO | 翻页完成。
2025-11-01 17:51:38 | INFO | 循环 #443 完成，等待 1776.1 秒进入下一轮。
2025-11-01 18:21:14 | INFO | ===== 自动化循环 #444 开始 =====
2025-11-01 18:21:14 | INFO | 模拟关键词：国药准字Z
2025-11-01 18:21:37 | INFO | 翻页完成。
2025-11-01 18:21:39 | INFO | 循环 #444 完成，等待 1775.8 秒进入下一轮。
2025-11-01 18:51:14 | INFO | ===== 自动化循环 #445 开始 =====
2025-11-01 18:51:14 | INFO | 模拟关键词：国药准字S
2025-11-01 18:51:36 | INFO | 翻页完成。
2025-11-01 18:51:38 | INFO | 循环 #445 完成，等待 1776.4 秒进入下一轮。
2025-11-01 19:21:14 | INFO | ===== 自动化循环 #446 开始 =====
2025-11-01 19:21:14 | INFO | 模拟关键词：国药准字Z
2025-11-01 19:21:36 | INFO | 翻页完成。
2025-11-01 19:21:37 | INFO | 循环 #446 完成，等待 1777.6 秒进入下一轮。
2025-11-01 19:51:14 | INFO | ===== 自动化循环 #447 开始 =====
2025-11-01 19:51:14 | INFO | 模拟关键词：国药准字H
2025-11-01 19:51:37 | INFO | 翻页完成。
2025-11-01 19:51:39 | INFO | 循环 #447 完成，等待 1775.9 秒进入下一轮。
2025-11-01 20:21:14 | INFO | ===== 自动化循环 #448 开始 =====
2025-11-01 20:21:14 | INFO | 模拟关键词：国药准字H
2025-11-01 20:21:36 | INFO | 翻页完成。
2025-11-01 20:21:38 | INFO | 循环 #448 完成，等待 1776.8 秒进入下一轮。
2025-11-01 20:51:14 | INFO | ===== 自动化循环 #449 开始 =====
2025-11-01 20:51:14 | INFO | 模拟关键词：国药准字H
2025-11-01 20:51:36 | INFO | 翻页完成。
2025-11-01 20:51:38 | INFO | 循环 #449 完成，等待 1776.7 秒进入下一轮。
2025-11-01 21:21:14 | INFO | ===== 自动化循环 #450 开始 =====
2025-11-01 21:21:14 | INFO | 模拟关键词：国药准字Z
2025-11-01 21:21:35 | INFO | 翻页完成。
2025-11-01 21:21:37 | INFO | 循环 #450 完成，等待 1777.8 秒进入下一轮。
2025-11-01 21:51:14 | INFO | ===== 自动化循环 #451 开始 =====
2025-11-01 21:51:14 | INFO | 模拟关键词：国药准字H
2025-11-01 21:51:38 | INFO | 翻页完成。
2025-11-01 21:51:40 | INFO | 循环 #451 完成，等待 1774.8 秒进入下一轮。
2025-11-01 22:21:14 | INFO | ===== 自动化循环 #452 开始 =====
2025-11-01 22:21:14 | INFO | 模拟关键词：国药准字Z
2025-11-01 22:21:37 | INFO | 翻页完成。
2025-11-01 22:21:39 | INFO | 循环 #452 完成，等待 1775.1 秒进入下一轮。
2025-11-01 22:51:14 | INFO | ===== 自动化循环 #453 开始 =====
2025-11-01 22:51:14 | INFO | 模拟关键词：国药准字H
2025-11-01 22:51:35 | INFO | 翻页完成。
2025-11-01 22:51:36 | INFO | 循环 #453 完成，等待 1778.5 秒进入下一轮。
2025-11-01 23:21:14 | INFO | ===== 自动化循环 #454 开始 =====
2025-11-01 23:21:14 | INFO | 模拟关键词：国药准字Z
2025-11-01 23:21:36 | INFO | 翻页完成。
2025-11-01 23:21:38 | INFO | 循环 #454 完成，等待 1776.5 秒进入下一轮。
2025-11-01 23:51:14 | INFO | ===== 自动化循环 #455 开始 =====
2025-11-01 23:51:14 | INFO | 模拟关键词：国药准字S
2025-11-01 23:51:36 | INFO | 翻页完成。
2025-11-01 23:51:38 | INFO | 循环 #455 完成，等待 1776.8 秒进入下一轮。
2025-11-02 00:21:14 | INFO | ===== 自动化循环 #456 开始 =====
2025-11-02 00:21:14 | INFO | 模拟关键词：国药准字Z
2025-11-02 00:21:36 | INFO | 翻页完成。
2025-11-02 00:21:37 | INFO | 循环 #456 完成，等待 1777.1 秒进入下一轮。
2025-11-02 00:51:14 | INFO | ===== 自动化循环 #457 开始 =====
2025-11-02 00:51:14 | INFO | 模拟关键词：国药准字S
2025-11-02 00:51:37 | INFO | 翻页完成。
2025-11-02 00:51:38 | INFO | 循环 #457 完成，等待 1776.5 秒进入下一轮。
2025-11-02 01:21:14 | INFO | ===== 自动化循环 #458 开始 =====
2025-11-02 01:21:14 | INFO | 模拟关键词：国药准字S
2025-11-02 01:21:37 | INFO | 翻页完成。
2025-11-02 01:21:39 | INFO | 循环 #458 完成，等待 1775.4 秒进入下一轮。
2025-11-02 01:51:14 | INFO | ===== 自动化循环 #459 开始 =====
2025-11-02 01:51:14 | INFO | 模拟关键词：国药准字H
2025-11-02 01:51:35 | INFO | 翻页完成。
2025-11-02 01:51:37 | INFO | 循环 #459 完成，等待 1777.9 秒进入下一轮。
2025-11-02 02:21:14 | INFO | ===== 自动化循环 #460 开始 =====
2025-11-02 02:21:14 | INFO | 模拟关键词：国药准字H
2025-11-02 02:21:38 | INFO | 翻页完成。
2025-11-02 02:21:40 | INFO | 循环 #460 完成，等待 1774.3 秒进入下一轮。
2025-11-02 02:51:14 | INFO | ===== 自动化循环 #461 开始 =====
2025-11-02 02:51:14 | INFO | 模拟关键词：国药准字Z
2025-11-02 02:51:38 | INFO | 翻页完成。
2025-11-02 02:51:39 | INFO | 循环 #461 完成，等待 1775.0 秒进入下一轮。
2025-11-02 03:21:14 | INFO | ===== 自动化循环 #462 开始 =====
2025-11-02 03:21:14 | INFO | 模拟关键词：国药准字S
2025-11-02 03:21:35 | INFO | 翻页完成。
2025-11-02 03:21:37 | INFO | 循环 #462 完成，等待 1777.7 秒进入下一轮。
2025-11-02 03:51:14 | INFO | ===== 自动化循环 #463 开始 =====
2025-11-02 03:51:14 | INFO | 模拟关键词：国药准字Z
2025-11-02 03:51:36 | INFO | 翻页完成。
2025-11-02 03:51:37 | INFO | 循环 #463 完成，等待 1777.2 秒进入下一轮。
2025-11-02 04:21:14 | INFO | ===== 自动化循环 #464 开始 =====
2025-11-02 04:21:14 | INFO | 模拟关键词：国药准字H
2025-11-02 04:21:35 | INFO | 翻页完成。
2025-11-02 04:21:37 | INFO | 循环 #464 完成，等待 1777.7 秒进入下一轮。
2025-11-02 04:51:14 | INFO | ===== 自动化循环 #465 开始 =====
2025-11-02 04:51:14 | INFO | 模拟关键词：国药准字H
2025-11-02 04:51:36 | INFO | 翻页完成。
2025-11-02 04:51:38 | INFO | 循环 #465 完成，等待 1777.0 秒进入下一轮。
2025-11-02 05:21:14 | INFO | ===== 自动化循环 #466 开始 =====
2025-11-02 05:21:14 | INFO | 模拟关键词：国药准字S
2025-11-02 05:21:37 | INFO | 翻页完成。
2025-11-02 05:21:38 | INFO | 循环 #466 完成，等待 1776.2 秒进入下一轮。
2025-11-02 05:51:14 | INFO | ===== 自动化循环 #467 开始 =====
2025-11-02 05:51:14 | INFO | 模拟关键词：国药准字Z
2025-11-02 05:51:37 | INFO | 翻页完成。
2025-11-02 05:51:39 | INFO | 循环 #467 完成，等待 1775.1 秒进入下一轮。
2025-11-02 06:21:14 | INFO | ===== 自动化循环 #468 开始 =====
2025-11-02 06:21:14 | INFO | 模拟关键词：国药准字S
2025-11-02 06:21:37 | INFO | 翻页完成。
2025-11-02 06:21:39 | INFO | 循环 #468 完成，等待 1775.9 秒进入下一轮。
2025-11-02 06:51:14 | INFO | ===== 自动化循环 #469 开始 =====
2025-11-02 06:51:14 | INFO | 模拟关键词：国药准字S
2025-11-02 06:51:35 | INFO | 翻页完成。
2025-11-02 06:51:37 | INFO | 循环 #469 完成，等待 1777.7 秒进入下一轮。
2025-11-02 07:21:14 | INFO | ===== 自动化循环 #470 开始 =====
2025-11-02 07:21:14 | INFO | 模拟关键词：国药准字S
2025-11-02 07:21:38 | INFO | 翻页完成。
2025-11-02 07:21:39 | INFO | 循环 #470 完成，等待 1775.0 秒进入下一轮。
2025-11-02 07:51:14 | INFO | ===== 自动化循环 #471 开始 =====
2025-11-02 07:51:14 | INFO | 模拟关键词：国药准字H
2025-11-02 07:51:35 | INFO | 翻页完成。
2025-11-02 07:51:37 | INFO | 循环 #471 完成，等待 1777.8 秒进入下一轮。
2025-11-02 08:21:14 | INFO | ===== 自动化循环 #472 开始 =====
2025-11-02 08:21:14 | INFO | 模拟关键词：国药准字S
2025-11-02 08:21:38 | INFO | 翻页完成。
2025-11-02 08:21:39 | INFO | 循环 #472 完成，等待 1775.5 秒进入下一轮。
2025-11-02 08:51:14 | INFO | ===== 自动化循环 #473 开始 =====
2025-11-02 08:51:14 | INFO | 模拟关键词：国药准字S
2025-11-02 08:51:37 | INFO | 翻页完成。
2025-11-02 08:51:39 | INFO | 循环 #473 完成，等待 1775.1 秒进入下一轮。
2025-11-02 09:21:14 | INFO | ===== 自动化循环 #474 开始 =====
2025-11-02 09:21:14 | INFO | 模拟关键词：国药准字Z
2025-11-02 09:21:36 | INFO | 翻页完成。
2025-11-02 09:21:38 | INFO | 循环 #474 完成，等待 1776.6 秒进入下一轮。
2025-11-02 09:51:14 | INFO | ===== 自动化循环 #475 开始 =====
2025-11-02 09:51:14 | INFO | 模拟关键词：国药准字Z
2025-11-02 09:51:37 | INFO | 翻页完成。
2025-11-02 09:51:39 | INFO | 循环 #475 完成，等待 1775.9 秒进入下一轮。
2025-11-02 10:21:14 | INFO | ===== 自动化循环 #476 开始 =====
2025-11-02 10:21:14 | INFO | 模拟关键词：国药准字Z
2025-11-02 10:21:36 | INFO | 翻页完成。
2025-11-02 10:21:38 | INFO | 循环 #476 完成，等待 1776.9 秒进入下一轮。
2025-11-02 10:51:14 | INFO | ===== 自动化循环 #477 开始 =====
2025-11-02 10:51:14 | INFO | 模拟关键词：国药准字Z
2025-11-02 10:51:37 | INFO | 翻页完成。
2025-11-02 10:51:39 | INFO | 循环 #477 完成，等待 1776.0 秒进入下一轮。
2025-11-02 11:21:14 | INFO | ===== 自动化循环 #478 开始 =====
2025-11-02 11:21:14 | INFO | 模拟关键词：国药准字H
2025-11-02 11:21:36 | INFO | 翻页完成。
2025-11-02 11:21:37 | INFO | 循环 #478 完成，等待 1777.2 秒进入下一轮。
2025-11-02 11:51:14 | INFO | ===== 自动化循环 #479 开始 =====
2025-11-02 11:51:14 | INFO | 模拟关键词：国药准字S
2025-11-02 11:51:36 | INFO | 翻页完成。
2025-11-02 11:51:37 | INFO | 循环 #479 完成，等待 1777.3 秒进入下一轮。
2025-11-02 12:21:14 | INFO | ===== 自动化循环 #480 开始 =====
2025-11-02 12:21:14 | INFO | 模拟关键词：国药准字S
2025-11-02 12:21:37 | INFO | 翻页完成。
2025-11-02 12:21:39 | INFO | 循环 #480 完成，等待 1775.4 秒进入下一轮。
2025-11-02 12:51:14 | INFO | ===== 自动化循环 #481 开始 =====
2025-11-02 12:51:14 | INFO | 模拟关键词：国药准字S
2025-11-02 12:51:36 | INFO | 翻页完成。
2025-11-02 12:51:38 | INFO | 循环 #481 完成，等待 1776.8 秒进入下一轮。
2025-11-02 13:21:14 | INFO | ===== 自动化循环 #482 开始 =====
2025-11-02 13:21:14 | INFO | 模拟关键词：国药准字S
2025-11-02 13:21:38 | INFO | 翻页完成。
2025-11-02 13:21:39 | INFO | 循环 #482 完成，等待 1775.1 秒进入下一轮。
2025-11-02 13:51:14 | INFO | ===== 自动化循环 #483 开始 =====
2025-11-02 13:51:14 | INFO | 模拟关键词：国药准字H
2025-11-02 13:51:36 | INFO | 翻页完成。
2025-11-02 13:51:37 | INFO | 循环 #483 完成，等待 1777.7 秒进入下一轮。
2025-11-02 14:21:14 | INFO | ===== 自动化循环 #484 开始 =====
2025-11-02 14:21:14 | INFO | 模拟关键词：国药准字H
2025-11-02 14:21:36 | INFO | 翻页完成。
2025-11-02 14:21:38 | INFO | 循环 #484 完成，等待 1776.3 秒进入下一轮。
2025-11-02 14:51:14 | INFO | ===== 自动化循环 #485 开始 =====
2025-11-02 14:51:14 | INFO | 模拟关键词：国药准字S
2025-11-02 14:51:36 | INFO | 翻页完成。
2025-11-02 14:51:37 | INFO | 循环 #485 完成，等待 1777.3 秒进入下一轮。
2025-11-02 15:21:14 | INFO | ===== 自动化循环 #486 开始 =====
2025-11-02 15:21:14 | INFO | 模拟关键词：国药准字Z
2025-11-02 15:21:36 | INFO | 翻页完成。
2025-11-02 15:21:37 | INFO | 循环 #486 完成，等待 1777.2 秒进入下一轮。
2025-11-02 15:51:14 | INFO | ===== 自动化循环 #487 开始 =====
2025-11-02 15:51:14 | INFO | 模拟关键词：国药准字Z
2025-11-02 15:51:37 | INFO | 翻页完成。
2025-11-02 15:51:38 | INFO | 循环 #487 完成，等待 1776.2 秒进入下一轮。
2025-11-02 16:21:14 | INFO | ===== 自动化循环 #488 开始 =====
2025-11-02 16:21:14 | INFO | 模拟关键词：国药准字S
2025-11-02 16:21:37 | INFO | 翻页完成。
2025-11-02 16:21:39 | INFO | 循环 #488 完成，等待 1775.6 秒进入下一轮。
2025-11-02 16:51:14 | INFO | ===== 自动化循环 #489 开始 =====
2025-11-02 16:51:14 | INFO | 模拟关键词：国药准字H
2025-11-02 16:51:37 | INFO | 翻页完成。
2025-11-02 16:51:38 | INFO | 循环 #489 完成，等待 1776.0 秒进入下一轮。
2025-11-02 17:21:14 | INFO | ===== 自动化循环 #490 开始 =====
2025-11-02 17:21:14 | INFO | 模拟关键词：国药准字H
2025-11-02 17:21:38 | INFO | 翻页完成。
2025-11-02 17:21:40 | INFO | 循环 #490 完成，等待 1774.6 秒进入下一轮。
2025-11-02 17:51:14 | INFO | ===== 自动化循环 #491 开始 =====
2025-11-02 17:51:14 | INFO | 模拟关键词：国药准字S
2025-11-02 17:51:36 | INFO | 翻页完成。
2025-11-02 17:51:37 | INFO | 循环 #491 完成，等待 1777.1 秒进入下一轮。
2025-11-02 18:21:14 | INFO | ===== 自动化循环 #492 开始 =====
2025-11-02 18:21:14 | INFO | 模拟关键词：国药准字H
2025-11-02 18:21:37 | INFO | 翻页完成。
2025-11-02 18:21:38 | INFO | 循环 #492 完成，等待 1776.1 秒进入下一轮。
2025-11-02 18:51:14 | INFO | ===== 自动化循环 #493 开始 =====
2025-11-02 18:51:14 | INFO | 模拟关键词：国药准字Z
2025-11-02 18:51:37 | INFO | 翻页完成。
2025-11-02 18:51:39 | INFO | 循环 #493 完成，等待 1775.9 秒进入下一轮。
2025-11-02 19:21:14 | INFO | ===== 自动化循环 #494 开始 =====
2025-11-02 19:21:14 | INFO | 模拟关键词：国药准字S
2025-11-02 19:21:36 | INFO | 翻页完成。
2025-11-02 19:21:38 | INFO | 循环 #494 完成，等待 1776.3 秒进入下一轮。
2025-11-02 19:51:14 | INFO | ===== 自动化循环 #495 开始 =====
2025-11-02 19:51:14 | INFO | 模拟关键词：国药准字H
2025-11-02 19:51:36 | INFO | 翻页完成。
2025-11-02 19:51:38 | INFO | 循环 #495 完成，等待 1776.7 秒进入下一轮。
2025-11-02 20:21:14 | INFO | ===== 自动化循环 #496 开始 =====
2025-11-02 20:21:14 | INFO | 模拟关键词：国药准字S
2025-11-02 20:21:36 | INFO | 翻页完成。
2025-11-02 20:21:38 | INFO | 循环 #496 完成，等待 1776.9 秒进入下一轮。
2025-11-02 20:51:14 | INFO | ===== 自动化循环 #497 开始 =====
2025-11-02 20:51:14 | INFO | 模拟关键词：国药准字H
2025-11-02 20:51:37 | INFO | 翻页完成。
2025-11-02 20:51:38 | INFO | 循环 #497 完成，等待 1776.7 秒进入下一轮。
2025-11-02 21:21:14 | INFO | ===== 自动化循环 #498 开始 =====
2025-11-02 21:21:14 | INFO | 模拟关键词：国药准字S
2025-11-02 21:21:38 | INFO | 翻页完成。
2025-11-02 21:21:39 | INFO | 循环 #498 完成，等待 1775.4 秒进入下一轮。
2025-11-02 21:51:14 | INFO | ===== 自动化循环 #499 开始 =====
2025-11-02 21:51:14 | INFO | 模拟关键词：国药准字S
2025-11-02 21:51:40 | INFO | 翻页完成。
2025-11-02 21:51:41 | INFO | 循环 #499 完成，等待 1773.5 秒进入下一轮。
2025-11-02 22:21:14 | INFO | ===== 自动化循环 #500 开始 =====
2025-11-02 22:21:14 | INFO | 模拟关键词：国药准字Z
2025-11-02 22:21:38 | INFO | 翻页完成。
2025-11-02 22:21:39 | INFO | 循环 #500 完成，等待 1775.1 秒进入下一轮。
2025-11-02 22:51:14 | INFO | ===== 自动化循环 #501 开始 =====
2025-11-02 22:51:14 | INFO | 模拟关键词：国药准字S
2025-11-02 22:51:37 | INFO | 翻页完成。
2025-11-02 22:51:38 | INFO | 循环 #501 完成，等待 1776.1 秒进入下一轮。
2025-11-02 23:21:14 | INFO | ===== 自动化循环 #502 开始 =====
2025-11-02 23:21:14 | INFO | 模拟关键词：国药准字Z
2025-11-02 23:21:38 | INFO | 翻页完成。
2025-11-02 23:21:39 | INFO | 循环 #502 完成，等待 1775.9 秒进入下一轮。
2025-11-02 23:51:14 | INFO | ===== 自动化循环 #503 开始 =====
2025-11-02 23:51:14 | INFO | 模拟关键词：国药准字H
2025-11-02 23:51:39 | INFO | 翻页完成。
2025-11-02 23:51:40 | INFO | 循环 #503 完成，等待 1774.1 秒进入下一轮。
2025-11-03 00:21:14 | INFO | ===== 自动化循环 #504 开始 =====
2025-11-03 00:21:14 | INFO | 模拟关键词：国药准字S
2025-11-03 00:21:36 | INFO | 翻页完成。
2025-11-03 00:21:37 | INFO | 循环 #504 完成，等待 1777.2 秒进入下一轮。
2025-11-03 00:51:14 | INFO | ===== 自动化循环 #505 开始 =====
2025-11-03 00:51:14 | INFO | 模拟关键词：国药准字H
2025-11-03 00:51:37 | INFO | 翻页完成。
2025-11-03 00:51:39 | INFO | 循环 #505 完成，等待 1775.6 秒进入下一轮。
2025-11-03 01:21:14 | INFO | ===== 自动化循环 #506 开始 =====
2025-11-03 01:21:14 | INFO | 模拟关键词：国药准字H
2025-11-03 01:21:36 | INFO | 翻页完成。
2025-11-03 01:21:38 | INFO | 循环 #506 完成，等待 1776.3 秒进入下一轮。
2025-11-03 01:51:14 | INFO | ===== 自动化循环 #507 开始 =====
2025-11-03 01:51:14 | INFO | 模拟关键词：国药准字H
2025-11-03 01:51:37 | INFO | 翻页完成。
2025-11-03 01:51:38 | INFO | 循环 #507 完成，等待 1776.2 秒进入下一轮。
2025-11-03 02:21:14 | INFO | ===== 自动化循环 #508 开始 =====
2025-11-03 02:21:14 | INFO | 模拟关键词：国药准字Z
2025-11-03 02:21:37 | INFO | 翻页完成。
2025-11-03 02:21:38 | INFO | 循环 #508 完成，等待 1776.7 秒进入下一轮。
2025-11-03 02:51:14 | INFO | ===== 自动化循环 #509 开始 =====
2025-11-03 02:51:14 | INFO | 模拟关键词：国药准字S
2025-11-03 02:51:36 | INFO | 翻页完成。
2025-11-03 02:51:38 | INFO | 循环 #509 完成，等待 1776.7 秒进入下一轮。
2025-11-03 03:21:14 | INFO | ===== 自动化循环 #510 开始 =====
2025-11-03 03:21:14 | INFO | 模拟关键词：国药准字S
2025-11-03 03:21:35 | INFO | 翻页完成。
2025-11-03 03:21:37 | INFO | 循环 #510 完成，等待 1777.4 秒进入下一轮。
2025-11-03 03:51:14 | INFO | ===== 自动化循环 #511 开始 =====
2025-11-03 03:51:14 | INFO | 模拟关键词：国药准字Z
2025-11-03 03:51:35 | INFO | 翻页完成。
2025-11-03 03:51:37 | INFO | 循环 #511 完成，等待 1778.0 秒进入下一轮。
2025-11-03 04:21:14 | INFO | ===== 自动化循环 #512 开始 =====
2025-11-03 04:21:14 | INFO | 模拟关键词：国药准字H
2025-11-03 04:21:37 | INFO | 翻页完成。
2025-11-03 04:21:38 | INFO | 循环 #512 完成，等待 1776.3 秒进入下一轮。
2025-11-03 04:51:14 | INFO | ===== 自动化循环 #513 开始 =====
2025-11-03 04:51:14 | INFO | 模拟关键词：国药准字H
2025-11-03 04:51:37 | INFO | 翻页完成。
2025-11-03 04:51:39 | INFO | 循环 #513 完成，等待 1775.3 秒进入下一轮。
2025-11-03 05:21:14 | INFO | ===== 自动化循环 #514 开始 =====
2025-11-03 05:21:14 | INFO | 模拟关键词：国药准字S
2025-11-03 05:21:37 | INFO | 翻页完成。
2025-11-03 05:21:39 | INFO | 循环 #514 完成，等待 1775.9 秒进入下一轮。
2025-11-03 05:51:14 | INFO | ===== 自动化循环 #515 开始 =====
2025-11-03 05:51:15 | INFO | 模拟关键词：国药准字H
2025-11-03 05:51:35 | INFO | 翻页完成。
2025-11-03 05:51:36 | INFO | 循环 #515 完成，等待 1778.0 秒进入下一轮。
2025-11-03 06:21:14 | INFO | ===== 自动化循环 #516 开始 =====
2025-11-03 06:21:15 | INFO | 模拟关键词：国药准字Z
2025-11-03 06:21:36 | INFO | 翻页完成。
2025-11-03 06:21:37 | INFO | 循环 #516 完成，等待 1777.5 秒进入下一轮。
2025-11-03 06:51:14 | INFO | ===== 自动化循环 #517 开始 =====
2025-11-03 06:51:15 | INFO | 模拟关键词：国药准字H
2025-11-03 06:51:37 | INFO | 翻页完成。
2025-11-03 06:51:39 | INFO | 循环 #517 完成，等待 1775.7 秒进入下一轮。
2025-11-03 07:21:14 | INFO | ===== 自动化循环 #518 开始 =====
2025-11-03 07:21:15 | INFO | 模拟关键词：国药准字Z
2025-11-03 07:21:38 | INFO | 翻页完成。
2025-11-03 07:21:39 | INFO | 循环 #518 完成，等待 1775.5 秒进入下一轮。
2025-11-03 07:51:15 | INFO | ===== 自动化循环 #519 开始 =====
2025-11-03 07:51:15 | INFO | 模拟关键词：国药准字S
2025-11-03 07:51:36 | INFO | 翻页完成。
2025-11-03 07:51:38 | INFO | 循环 #519 完成，等待 1776.6 秒进入下一轮。
2025-11-03 08:21:15 | INFO | ===== 自动化循环 #520 开始 =====
2025-11-03 08:21:15 | INFO | 模拟关键词：国药准字Z
2025-11-03 08:21:38 | INFO | 翻页完成。
2025-11-03 08:21:39 | INFO | 循环 #520 完成，等待 1775.7 秒进入下一轮。
2025-11-03 08:51:15 | INFO | ===== 自动化循环 #521 开始 =====
2025-11-03 08:51:15 | INFO | 模拟关键词：国药准字S
2025-11-03 08:51:36 | INFO | 翻页完成。
2025-11-03 08:51:38 | INFO | 循环 #521 完成，等待 1776.5 秒进入下一轮。
2025-11-03 09:21:15 | INFO | ===== 自动化循环 #522 开始 =====
2025-11-03 09:21:15 | INFO | 模拟关键词：国药准字H
2025-11-03 09:21:36 | INFO | 翻页完成。
2025-11-03 09:21:38 | INFO | 循环 #522 完成，等待 1776.7 秒进入下一轮。
2025-11-03 09:51:15 | INFO | ===== 自动化循环 #523 开始 =====
2025-11-03 09:51:15 | INFO | 模拟关键词：国药准字S
2025-11-03 09:51:36 | INFO | 翻页完成。
2025-11-03 09:51:38 | INFO | 循环 #523 完成，等待 1776.7 秒进入下一轮。
2025-11-03 10:21:15 | INFO | ===== 自动化循环 #524 开始 =====
2025-11-03 10:21:15 | INFO | 模拟关键词：国药准字S
2025-11-03 10:21:38 | INFO | 翻页完成。
2025-11-03 10:21:39 | INFO | 循环 #524 完成，等待 1775.0 秒进入下一轮。
2025-11-03 10:51:15 | INFO | ===== 自动化循环 #525 开始 =====
2025-11-03 10:51:15 | INFO | 模拟关键词：国药准字S
2025-11-03 10:51:37 | INFO | 翻页完成。
2025-11-03 10:51:39 | INFO | 循环 #525 完成，等待 1775.7 秒进入下一轮。
2025-11-03 11:21:15 | INFO | ===== 自动化循环 #526 开始 =====
2025-11-03 11:21:15 | INFO | 模拟关键词：国药准字Z
2025-11-03 11:21:37 | INFO | 翻页完成。
2025-11-03 11:21:38 | INFO | 循环 #526 完成，等待 1776.6 秒进入下一轮。
2025-11-03 11:51:15 | INFO | ===== 自动化循环 #527 开始 =====
2025-11-03 11:51:15 | INFO | 模拟关键词：国药准字S
2025-11-03 11:51:36 | INFO | 翻页完成。
2025-11-03 11:51:38 | INFO | 循环 #527 完成，等待 1776.5 秒进入下一轮。
2025-11-03 12:21:15 | INFO | ===== 自动化循环 #528 开始 =====
2025-11-03 12:21:15 | INFO | 模拟关键词：国药准字S
2025-11-03 12:21:36 | INFO | 翻页完成。
2025-11-03 12:21:37 | INFO | 循环 #528 完成，等待 1777.5 秒进入下一轮。
2025-11-03 12:51:15 | INFO | ===== 自动化循环 #529 开始 =====
2025-11-03 12:51:15 | INFO | 模拟关键词：国药准字S
2025-11-03 12:51:38 | INFO | 翻页完成。
2025-11-03 12:51:40 | INFO | 循环 #529 完成，等待 1774.8 秒进入下一轮。
2025-11-03 13:21:15 | INFO | ===== 自动化循环 #530 开始 =====
2025-11-03 13:21:15 | INFO | 模拟关键词：国药准字Z
2025-11-03 13:21:37 | INFO | 翻页完成。
2025-11-03 13:21:38 | INFO | 循环 #530 完成，等待 1776.4 秒进入下一轮。
2025-11-03 13:51:15 | INFO | ===== 自动化循环 #531 开始 =====
2025-11-03 13:51:15 | INFO | 模拟关键词：国药准字Z
2025-11-03 13:51:37 | INFO | 翻页完成。
2025-11-03 13:51:38 | INFO | 循环 #531 完成，等待 1776.8 秒进入下一轮。
2025-11-03 14:21:15 | INFO | ===== 自动化循环 #532 开始 =====
2025-11-03 14:21:15 | INFO | 模拟关键词：国药准字S
2025-11-03 14:21:35 | INFO | 翻页完成。
2025-11-03 14:21:37 | INFO | 循环 #532 完成，等待 1777.3 秒进入下一轮。
2025-11-03 14:51:15 | INFO | ===== 自动化循环 #533 开始 =====
2025-11-03 14:51:15 | INFO | 模拟关键词：国药准字Z
2025-11-03 14:51:35 | INFO | 翻页完成。
2025-11-03 14:51:37 | INFO | 循环 #533 完成，等待 1777.6 秒进入下一轮。
2025-11-03 15:21:15 | INFO | ===== 自动化循环 #534 开始 =====
2025-11-03 15:21:15 | INFO | 模拟关键词：国药准字S
2025-11-03 15:21:35 | INFO | 翻页完成。
2025-11-03 15:21:36 | INFO | 循环 #534 完成，等待 1778.4 秒进入下一轮。
2025-11-03 15:51:15 | INFO | ===== 自动化循环 #535 开始 =====
2025-11-03 15:51:15 | INFO | 模拟关键词：国药准字H
2025-11-03 15:51:35 | INFO | 翻页完成。
2025-11-03 15:51:37 | INFO | 循环 #535 完成，等待 1777.4 秒进入下一轮。
2025-11-03 16:21:15 | INFO | ===== 自动化循环 #536 开始 =====
2025-11-03 16:21:15 | INFO | 模拟关键词：国药准字Z
2025-11-03 16:21:36 | INFO | 翻页完成。
2025-11-03 16:21:38 | INFO | 循环 #536 完成，等待 1777.0 秒进入下一轮。
2025-11-03 16:51:15 | INFO | ===== 自动化循环 #537 开始 =====
2025-11-03 16:51:15 | INFO | 模拟关键词：国药准字S
2025-11-03 16:51:38 | INFO | 翻页完成。
2025-11-03 16:51:40 | INFO | 循环 #537 完成，等待 1775.0 秒进入下一轮。
2025-11-03 17:21:15 | INFO | ===== 自动化循环 #538 开始 =====
2025-11-03 17:21:15 | INFO | 模拟关键词：国药准字H
2025-11-03 17:21:38 | INFO | 翻页完成。
2025-11-03 17:21:39 | INFO | 循环 #538 完成，等待 1775.6 秒进入下一轮。
2025-11-03 17:51:15 | INFO | ===== 自动化循环 #539 开始 =====
2025-11-03 17:51:15 | INFO | 模拟关键词：国药准字S
2025-11-03 17:51:37 | INFO | 翻页完成。
2025-11-03 17:51:38 | INFO | 循环 #539 完成，等待 1776.8 秒进入下一轮。
2025-11-03 18:21:15 | INFO | ===== 自动化循环 #540 开始 =====
2025-11-03 18:21:15 | INFO | 模拟关键词：国药准字S
2025-11-03 18:21:36 | INFO | 翻页完成。
2025-11-03 18:21:38 | INFO | 循环 #540 完成，等待 1776.8 秒进入下一轮。
2025-11-03 18:51:15 | INFO | ===== 自动化循环 #541 开始 =====
2025-11-03 18:51:15 | INFO | 模拟关键词：国药准字Z
2025-11-03 18:51:37 | INFO | 翻页完成。
2025-11-03 18:51:38 | INFO | 循环 #541 完成，等待 1776.3 秒进入下一轮。
2025-11-03 19:21:15 | INFO | ===== 自动化循环 #542 开始 =====
2025-11-03 19:21:15 | INFO | 模拟关键词：国药准字S
2025-11-03 19:21:36 | INFO | 翻页完成。
2025-11-03 19:21:38 | INFO | 循环 #542 完成，等待 1776.1 秒进入下一轮。
2025-11-03 19:51:15 | INFO | ===== 自动化循环 #543 开始 =====
2025-11-03 19:51:15 | INFO | 模拟关键词：国药准字S
2025-11-03 19:51:37 | INFO | 翻页完成。
2025-11-03 19:51:38 | INFO | 循环 #543 完成，等待 1776.0 秒进入下一轮。
2025-11-03 20:21:15 | INFO | ===== 自动化循环 #544 开始 =====
2025-11-03 20:21:15 | INFO | 模拟关键词：国药准字Z
2025-11-03 20:21:37 | INFO | 翻页完成。
2025-11-03 20:21:39 | INFO | 循环 #544 完成，等待 1775.7 秒进入下一轮。
2025-11-03 20:51:15 | INFO | ===== 自动化循环 #545 开始 =====
2025-11-03 20:51:15 | INFO | 模拟关键词：国药准字Z
2025-11-03 20:51:38 | INFO | 翻页完成。
2025-11-03 20:51:39 | INFO | 循环 #545 完成，等待 1775.0 秒进入下一轮。
2025-11-03 21:21:15 | INFO | ===== 自动化循环 #546 开始 =====
2025-11-03 21:21:15 | INFO | 模拟关键词：国药准字S
2025-11-03 21:21:36 | INFO | 翻页完成。
2025-11-03 21:21:38 | INFO | 循环 #546 完成，等待 1776.5 秒进入下一轮。
2025-11-03 21:51:15 | INFO | ===== 自动化循环 #547 开始 =====
2025-11-03 21:51:15 | INFO | 模拟关键词：国药准字H
2025-11-03 21:51:37 | INFO | 翻页完成。
2025-11-03 21:51:39 | INFO | 循环 #547 完成，等待 1775.7 秒进入下一轮。
2025-11-03 22:21:15 | INFO | ===== 自动化循环 #548 开始 =====
2025-11-03 22:21:15 | INFO | 模拟关键词：国药准字H
2025-11-03 22:21:36 | INFO | 翻页完成。
2025-11-03 22:21:37 | INFO | 循环 #548 完成，等待 1777.6 秒进入下一轮。
2025-11-03 22:51:15 | INFO | ===== 自动化循环 #549 开始 =====
2025-11-03 22:51:15 | INFO | 模拟关键词：国药准字H
2025-11-03 22:51:38 | INFO | 翻页完成。
2025-11-03 22:51:39 | INFO | 循环 #549 完成，等待 1775.6 秒进入下一轮。
2025-11-03 23:21:15 | INFO | ===== 自动化循环 #550 开始 =====
2025-11-03 23:21:15 | INFO | 模拟关键词：国药准字Z
2025-11-03 23:21:37 | INFO | 翻页完成。
2025-11-03 23:21:38 | INFO | 循环 #550 完成，等待 1776.6 秒进入下一轮。
2025-11-03 23:51:15 | INFO | ===== 自动化循环 #551 开始 =====
2025-11-03 23:51:15 | INFO | 模拟关键词：国药准字H
2025-11-03 23:51:36 | INFO | 翻页完成。
2025-11-03 23:51:37 | INFO | 循环 #551 完成，等待 1777.0 秒进入下一轮。
2025-11-04 00:21:15 | INFO | ===== 自动化循环 #552 开始 =====
2025-11-04 00:21:15 | INFO | 模拟关键词：国药准字Z
2025-11-04 00:21:37 | INFO | 翻页完成。
2025-11-04 00:21:39 | INFO | 循环 #552 完成，等待 1775.5 秒进入下一轮。
2025-11-04 00:51:15 | INFO | ===== 自动化循环 #553 开始 =====
2025-11-04 00:51:15 | INFO | 模拟关键词：国药准字S
2025-11-04 00:51:35 | INFO | 翻页完成。
2025-11-04 00:51:37 | INFO | 循环 #553 完成，等待 1777.6 秒进入下一轮。
2025-11-04 01:21:15 | INFO | ===== 自动化循环 #554 开始 =====
2025-11-04 01:21:15 | INFO | 模拟关键词：国药准字H
2025-11-04 01:21:38 | INFO | 翻页完成。
2025-11-04 01:21:39 | INFO | 循环 #554 完成，等待 1775.6 秒进入下一轮。
2025-11-04 01:51:15 | INFO | ===== 自动化循环 #555 开始 =====
2025-11-04 01:51:15 | INFO | 模拟关键词：国药准字Z
2025-11-04 01:51:37 | INFO | 翻页完成。
2025-11-04 01:51:39 | INFO | 循环 #555 完成，等待 1775.7 秒进入下一轮。
2025-11-04 02:21:15 | INFO | ===== 自动化循环 #556 开始 =====
2025-11-04 02:21:15 | INFO | 模拟关键词：国药准字Z
2025-11-04 02:21:37 | INFO | 翻页完成。
2025-11-04 02:21:38 | INFO | 循环 #556 完成，等待 1776.3 秒进入下一轮。
2025-11-04 02:51:15 | INFO | ===== 自动化循环 #557 开始 =====
2025-11-04 02:51:15 | INFO | 模拟关键词：国药准字Z
2025-11-04 02:51:37 | INFO | 翻页完成。
2025-11-04 02:51:39 | INFO | 循环 #557 完成，等待 1776.0 秒进入下一轮。
2025-11-04 03:21:15 | INFO | ===== 自动化循环 #558 开始 =====
2025-11-04 03:21:15 | INFO | 模拟关键词：国药准字S
2025-11-04 03:21:35 | INFO | 翻页完成。
2025-11-04 03:21:36 | INFO | 循环 #558 完成，等待 1778.3 秒进入下一轮。
2025-11-04 03:51:15 | INFO | ===== 自动化循环 #559 开始 =====
2025-11-04 03:51:15 | INFO | 模拟关键词：国药准字Z
2025-11-04 03:51:37 | INFO | 翻页完成。
2025-11-04 03:51:38 | INFO | 循环 #559 完成，等待 1776.4 秒进入下一轮。
2025-11-04 04:21:15 | INFO | ===== 自动化循环 #560 开始 =====
2025-11-04 04:21:15 | INFO | 模拟关键词：国药准字H
2025-11-04 04:21:38 | INFO | 翻页完成。
2025-11-04 04:21:39 | INFO | 循环 #560 完成，等待 1775.1 秒进入下一轮。
2025-11-04 04:51:15 | INFO | ===== 自动化循环 #561 开始 =====
2025-11-04 04:51:15 | INFO | 模拟关键词：国药准字S
2025-11-04 04:51:37 | INFO | 翻页完成。
2025-11-04 04:51:39 | INFO | 循环 #561 完成，等待 1775.8 秒进入下一轮。
2025-11-04 05:21:15 | INFO | ===== 自动化循环 #562 开始 =====
2025-11-04 05:21:15 | INFO | 模拟关键词：国药准字S
2025-11-04 05:21:38 | INFO | 翻页完成。
2025-11-04 05:21:40 | INFO | 循环 #562 完成，等待 1774.6 秒进入下一轮。
2025-11-04 05:51:15 | INFO | ===== 自动化循环 #563 开始 =====
2025-11-04 05:51:15 | INFO | 模拟关键词：国药准字Z
2025-11-04 05:51:35 | INFO | 翻页完成。
2025-11-04 05:51:36 | INFO | 循环 #563 完成，等待 1778.0 秒进入下一轮。
2025-11-04 06:21:15 | INFO | ===== 自动化循环 #564 开始 =====
2025-11-04 06:21:15 | INFO | 模拟关键词：国药准字Z
2025-11-04 06:21:37 | INFO | 翻页完成。
2025-11-04 06:21:39 | INFO | 循环 #564 完成，等待 1775.5 秒进入下一轮。
2025-11-04 06:51:15 | INFO | ===== 自动化循环 #565 开始 =====
2025-11-04 06:51:15 | INFO | 模拟关键词：国药准字H
2025-11-04 06:51:36 | INFO | 翻页完成。
2025-11-04 06:51:38 | INFO | 循环 #565 完成，等待 1776.9 秒进入下一轮。
2025-11-04 07:21:15 | INFO | ===== 自动化循环 #566 开始 =====
2025-11-04 07:21:15 | INFO | 模拟关键词：国药准字H
2025-11-04 07:21:38 | INFO | 翻页完成。
2025-11-04 07:21:40 | INFO | 循环 #566 完成，等待 1774.9 秒进入下一轮。
2025-11-04 07:51:15 | INFO | ===== 自动化循环 #567 开始 =====
2025-11-04 07:51:15 | INFO | 模拟关键词：国药准字S
2025-11-04 07:51:37 | INFO | 翻页完成。
2025-11-04 07:51:39 | INFO | 循环 #567 完成，等待 1775.1 秒进入下一轮。
2025-11-04 08:21:15 | INFO | ===== 自动化循环 #568 开始 =====
2025-11-04 08:21:15 | INFO | 模拟关键词：国药准字Z
2025-11-04 08:21:36 | INFO | 翻页完成。
2025-11-04 08:21:37 | INFO | 循环 #568 完成，等待 1777.5 秒进入下一轮。
2025-11-04 08:51:15 | INFO | ===== 自动化循环 #569 开始 =====
2025-11-04 08:51:15 | INFO | 模拟关键词：国药准字Z
2025-11-04 08:51:37 | INFO | 翻页完成。
2025-11-04 08:51:39 | INFO | 循环 #569 完成，等待 1775.6 秒进入下一轮。
2025-11-04 09:21:15 | INFO | ===== 自动化循环 #570 开始 =====
2025-11-04 09:21:15 | INFO | 模拟关键词：国药准字S
2025-11-04 09:21:37 | INFO | 翻页完成。
2025-11-04 09:21:38 | INFO | 循环 #570 完成，等待 1776.4 秒进入下一轮。
2025-11-04 09:51:15 | INFO | ===== 自动化循环 #571 开始 =====
2025-11-04 09:51:15 | INFO | 模拟关键词：国药准字S
2025-11-04 09:51:35 | INFO | 翻页完成。
2025-11-04 09:51:37 | INFO | 循环 #571 完成，等待 1777.4 秒进入下一轮。
2025-11-04 10:21:15 | INFO | ===== 自动化循环 #572 开始 =====
2025-11-04 10:21:15 | INFO | 模拟关键词：国药准字S
2025-11-04 10:21:37 | INFO | 翻页完成。
2025-11-04 10:21:38 | INFO | 循环 #572 完成，等待 1776.6 秒进入下一轮。
2025-11-04 10:51:15 | INFO | ===== 自动化循环 #573 开始 =====
2025-11-04 10:51:15 | INFO | 模拟关键词：国药准字Z
2025-11-04 10:51:36 | INFO | 翻页完成。
2025-11-04 10:51:37 | INFO | 循环 #573 完成，等待 1777.6 秒进入下一轮。
2025-11-04 11:21:15 | INFO | ===== 自动化循环 #574 开始 =====
2025-11-04 11:21:15 | INFO | 模拟关键词：国药准字S
2025-11-04 11:21:36 | INFO | 翻页完成。
2025-11-04 11:21:38 | INFO | 循环 #574 完成，等待 1776.7 秒进入下一轮。
2025-11-04 11:51:15 | INFO | ===== 自动化循环 #575 开始 =====
2025-11-04 11:51:15 | INFO | 模拟关键词：国药准字Z
2025-11-04 11:51:36 | INFO | 翻页完成。
2025-11-04 11:51:37 | INFO | 循环 #575 完成，等待 1777.2 秒进入下一轮。
2025-11-04 12:21:15 | INFO | ===== 自动化循环 #576 开始 =====
2025-11-04 12:21:15 | INFO | 模拟关键词：国药准字S
2025-11-04 12:21:37 | INFO | 翻页完成。
2025-11-04 12:21:38 | INFO | 循环 #576 完成，等待 1776.2 秒进入下一轮。
2025-11-04 12:51:15 | INFO | ===== 自动化循环 #577 开始 =====
2025-11-04 12:51:15 | INFO | 模拟关键词：国药准字Z
2025-11-04 12:51:36 | INFO | 翻页完成。
2025-11-04 12:51:38 | INFO | 循环 #577 完成，等待 1776.3 秒进入下一轮。
2025-11-04 13:21:15 | INFO | ===== 自动化循环 #578 开始 =====
2025-11-04 13:21:15 | INFO | 模拟关键词：国药准字H
2025-11-04 13:21:37 | INFO | 翻页完成。
2025-11-04 13:21:38 | INFO | 循环 #578 完成，等待 1776.6 秒进入下一轮。
2025-11-04 13:51:15 | INFO | ===== 自动化循环 #579 开始 =====
2025-11-04 13:51:15 | INFO | 模拟关键词：国药准字S
2025-11-04 13:51:37 | INFO | 翻页完成。
2025-11-04 13:51:39 | INFO | 循环 #579 完成，等待 1775.6 秒进入下一轮。
2025-11-04 14:21:15 | INFO | ===== 自动化循环 #580 开始 =====
2025-11-04 14:21:15 | INFO | 模拟关键词：国药准字H
2025-11-04 14:21:38 | INFO | 翻页完成。
2025-11-04 14:21:40 | INFO | 循环 #580 完成，等待 1774.6 秒进入下一轮。
2025-11-04 14:51:15 | INFO | ===== 自动化循环 #581 开始 =====
2025-11-04 14:51:15 | INFO | 模拟关键词：国药准字Z
2025-11-04 14:51:38 | INFO | 翻页完成。
2025-11-04 14:51:39 | INFO | 循环 #581 完成，等待 1775.1 秒进入下一轮。
2025-11-04 15:21:15 | INFO | ===== 自动化循环 #582 开始 =====
2025-11-04 15:21:15 | INFO | 模拟关键词：国药准字Z
2025-11-04 15:21:35 | INFO | 翻页完成。
2025-11-04 15:21:37 | INFO | 循环 #582 完成，等待 1777.6 秒进入下一轮。
2025-11-04 15:51:15 | INFO | ===== 自动化循环 #583 开始 =====
2025-11-04 15:51:15 | INFO | 模拟关键词：国药准字H
2025-11-04 15:51:35 | INFO | 翻页完成。
2025-11-04 15:51:36 | INFO | 循环 #583 完成，等待 1778.3 秒进入下一轮。
2025-11-04 16:21:15 | INFO | ===== 自动化循环 #584 开始 =====
2025-11-04 16:21:15 | INFO | 模拟关键词：国药准字S
2025-11-04 16:21:37 | INFO | 翻页完成。
2025-11-04 16:21:39 | INFO | 循环 #584 完成，等待 1775.7 秒进入下一轮。
2025-11-04 16:51:15 | INFO | ===== 自动化循环 #585 开始 =====
2025-11-04 16:51:15 | INFO | 模拟关键词：国药准字S
2025-11-04 16:51:36 | INFO | 翻页完成。
2025-11-04 16:51:38 | INFO | 循环 #585 完成，等待 1777.0 秒进入下一轮。
2025-11-04 17:21:15 | INFO | ===== 自动化循环 #586 开始 =====
2025-11-04 17:21:15 | INFO | 模拟关键词：国药准字S
2025-11-04 17:21:37 | INFO | 翻页完成。
2025-11-04 17:21:38 | INFO | 循环 #586 完成，等待 1776.3 秒进入下一轮。
2025-11-04 17:51:15 | INFO | ===== 自动化循环 #587 开始 =====
2025-11-04 17:51:15 | INFO | 模拟关键词：国药准字H
2025-11-04 17:51:38 | INFO | 翻页完成。
2025-11-04 17:51:39 | INFO | 循环 #587 完成，等待 1775.3 秒进入下一轮。
2025-11-04 18:21:15 | INFO | ===== 自动化循环 #588 开始 =====
2025-11-04 18:21:15 | INFO | 模拟关键词：国药准字Z
2025-11-04 18:21:38 | INFO | 翻页完成。
2025-11-04 18:21:39 | INFO | 循环 #588 完成，等待 1775.4 秒进入下一轮。
2025-11-04 18:51:15 | INFO | ===== 自动化循环 #589 开始 =====
2025-11-04 18:51:15 | INFO | 模拟关键词：国药准字S
2025-11-04 18:51:37 | INFO | 翻页完成。
2025-11-04 18:51:39 | INFO | 循环 #589 完成，等待 1775.5 秒进入下一轮。
2025-11-04 19:21:15 | INFO | ===== 自动化循环 #590 开始 =====
2025-11-04 19:21:15 | INFO | 模拟关键词：国药准字H
2025-11-04 19:21:37 | INFO | 翻页完成。
2025-11-04 19:21:38 | INFO | 循环 #590 完成，等待 1776.5 秒进入下一轮。
2025-11-04 19:51:15 | INFO | ===== 自动化循环 #591 开始 =====
2025-11-04 19:51:15 | INFO | 模拟关键词：国药准字H
2025-11-04 19:51:37 | INFO | 翻页完成。
2025-11-04 19:51:39 | INFO | 循环 #591 完成，等待 1775.2 秒进入下一轮。
2025-11-04 20:21:15 | INFO | ===== 自动化循环 #592 开始 =====
2025-11-04 20:21:15 | INFO | 模拟关键词：国药准字H
2025-11-04 20:21:36 | INFO | 翻页完成。
2025-11-04 20:21:38 | INFO | 循环 #592 完成，等待 1776.6 秒进入下一轮。
2025-11-04 20:51:15 | INFO | ===== 自动化循环 #593 开始 =====
2025-11-04 20:51:15 | INFO | 模拟关键词：国药准字S
2025-11-04 20:51:36 | INFO | 翻页完成。
2025-11-04 20:51:37 | INFO | 循环 #593 完成，等待 1777.3 秒进入下一轮。
2025-11-04 21:21:15 | INFO | ===== 自动化循环 #594 开始 =====
2025-11-04 21:21:15 | INFO | 模拟关键词：国药准字Z
2025-11-04 21:21:36 | INFO | 翻页完成。
2025-11-04 21:21:38 | INFO | 循环 #594 完成，等待 1776.5 秒进入下一轮。
2025-11-04 21:51:15 | INFO | ===== 自动化循环 #595 开始 =====
2025-11-04 21:51:15 | INFO | 模拟关键词：国药准字Z
2025-11-04 21:51:38 | INFO | 翻页完成。
2025-11-04 21:51:39 | INFO | 循环 #595 完成，等待 1776.0 秒进入下一轮。
2025-11-04 22:21:15 | INFO | ===== 自动化循环 #596 开始 =====
2025-11-04 22:21:15 | INFO | 模拟关键词：国药准字H
2025-11-04 22:21:38 | INFO | 翻页完成。
2025-11-04 22:21:39 | INFO | 循环 #596 完成，等待 1775.2 秒进入下一轮。
2025-11-04 22:51:15 | INFO | ===== 自动化循环 #597 开始 =====
2025-11-04 22:51:15 | INFO | 模拟关键词：国药准字H
2025-11-04 22:51:37 | INFO | 翻页完成。
2025-11-04 22:51:39 | INFO | 循环 #597 完成，等待 1775.3 秒进入下一轮。
2025-11-04 23:21:15 | INFO | ===== 自动化循环 #598 开始 =====
2025-11-04 23:21:15 | INFO | 模拟关键词：国药准字H
2025-11-04 23:21:37 | INFO | 翻页完成。
2025-11-04 23:21:39 | INFO | 循环 #598 完成，等待 1775.8 秒进入下一轮。
2025-11-04 23:51:15 | INFO | ===== 自动化循环 #599 开始 =====
2025-11-04 23:51:15 | INFO | 模拟关键词：国药准字Z
2025-11-04 23:51:37 | INFO | 翻页完成。
2025-11-04 23:51:39 | INFO | 循环 #599 完成，等待 1775.8 秒进入下一轮。
2025-11-05 00:21:15 | INFO | ===== 自动化循环 #600 开始 =====
2025-11-05 00:21:15 | INFO | 模拟关键词：国药准字S
2025-11-05 00:21:38 | INFO | 翻页完成。
2025-11-05 00:21:40 | INFO | 循环 #600 完成，等待 1774.7 秒进入下一轮。
2025-11-05 00:51:15 | INFO | ===== 自动化循环 #601 开始 =====
2025-11-05 00:51:15 | INFO | 模拟关键词：国药准字Z
2025-11-05 00:51:36 | INFO | 翻页完成。
2025-11-05 00:51:38 | INFO | 循环 #601 完成，等待 1776.9 秒进入下一轮。
2025-11-05 01:21:15 | INFO | ===== 自动化循环 #602 开始 =====
2025-11-05 01:21:15 | INFO | 模拟关键词：国药准字Z
2025-11-05 01:21:36 | INFO | 翻页完成。
2025-11-05 01:21:37 | INFO | 循环 #602 完成，等待 1777.6 秒进入下一轮。
2025-11-05 01:51:15 | INFO | ===== 自动化循环 #603 开始 =====
2025-11-05 01:51:15 | INFO | 模拟关键词：国药准字S
2025-11-05 01:51:36 | INFO | 翻页完成。
2025-11-05 01:51:38 | INFO | 循环 #603 完成，等待 1776.2 秒进入下一轮。
2025-11-05 02:21:15 | INFO | ===== 自动化循环 #604 开始 =====
2025-11-05 02:21:15 | INFO | 模拟关键词：国药准字Z
2025-11-05 02:21:37 | INFO | 翻页完成。
2025-11-05 02:21:38 | INFO | 循环 #604 完成，等待 1776.2 秒进入下一轮。
2025-11-05 02:51:15 | INFO | ===== 自动化循环 #605 开始 =====
2025-11-05 02:51:15 | INFO | 模拟关键词：国药准字Z
2025-11-05 02:51:37 | INFO | 翻页完成。
2025-11-05 02:51:39 | INFO | 循环 #605 完成，等待 1776.0 秒进入下一轮。
2025-11-05 03:21:15 | INFO | ===== 自动化循环 #606 开始 =====
2025-11-05 03:21:15 | INFO | 模拟关键词：国药准字S
2025-11-05 03:21:37 | INFO | 翻页完成。
2025-11-05 03:21:39 | INFO | 循环 #606 完成，等待 1776.0 秒进入下一轮。
2025-11-05 03:51:15 | INFO | ===== 自动化循环 #607 开始 =====
2025-11-05 03:51:15 | INFO | 模拟关键词：国药准字H
2025-11-05 03:51:35 | INFO | 翻页完成。
2025-11-05 03:51:37 | INFO | 循环 #607 完成，等待 1777.5 秒进入下一轮。
2025-11-05 04:21:15 | INFO | ===== 自动化循环 #608 开始 =====
2025-11-05 04:21:15 | INFO | 模拟关键词：国药准字S
2025-11-05 04:21:37 | INFO | 翻页完成。
2025-11-05 04:21:39 | INFO | 循环 #608 完成，等待 1775.6 秒进入下一轮。
2025-11-05 04:51:15 | INFO | ===== 自动化循环 #609 开始 =====
2025-11-05 04:51:15 | INFO | 模拟关键词：国药准字H
2025-11-05 04:51:36 | INFO | 翻页完成。
2025-11-05 04:51:38 | INFO | 循环 #609 完成，等待 1776.8 秒进入下一轮。
2025-11-05 05:21:15 | INFO | ===== 自动化循环 #610 开始 =====
2025-11-05 05:21:15 | INFO | 模拟关键词：国药准字Z
2025-11-05 05:21:38 | INFO | 翻页完成。
2025-11-05 05:21:39 | INFO | 循环 #610 完成，等待 1775.3 秒进入下一轮。
2025-11-05 05:51:15 | INFO | ===== 自动化循环 #611 开始 =====
2025-11-05 05:51:15 | INFO | 模拟关键词：国药准字Z
2025-11-05 05:51:37 | INFO | 翻页完成。
2025-11-05 05:51:39 | INFO | 循环 #611 完成，等待 1775.6 秒进入下一轮。
2025-11-05 06:21:15 | INFO | ===== 自动化循环 #612 开始 =====
2025-11-05 06:21:15 | INFO | 模拟关键词：国药准字S
2025-11-05 06:21:37 | INFO | 翻页完成。
2025-11-05 06:21:39 | INFO | 循环 #612 完成，等待 1776.0 秒进入下一轮。
2025-11-05 06:51:15 | INFO | ===== 自动化循环 #613 开始 =====
2025-11-05 06:51:15 | INFO | 模拟关键词：国药准字H
2025-11-05 06:51:37 | INFO | 翻页完成。
2025-11-05 06:51:38 | INFO | 循环 #613 完成，等待 1776.2 秒进入下一轮。
2025-11-05 07:21:15 | INFO | ===== 自动化循环 #614 开始 =====
2025-11-05 07:21:15 | INFO | 模拟关键词：国药准字Z
2025-11-05 07:21:35 | INFO | 翻页完成。
2025-11-05 07:21:37 | INFO | 循环 #614 完成，等待 1777.9 秒进入下一轮。
2025-11-05 07:51:15 | INFO | ===== 自动化循环 #615 开始 =====
2025-11-05 07:51:15 | INFO | 模拟关键词：国药准字H
2025-11-05 07:51:37 | INFO | 翻页完成。
2025-11-05 07:51:39 | INFO | 循环 #615 完成，等待 1776.0 秒进入下一轮。
2025-11-05 08:21:15 | INFO | ===== 自动化循环 #616 开始 =====
2025-11-05 08:21:15 | INFO | 模拟关键词：国药准字Z
2025-11-05 08:21:37 | INFO | 翻页完成。
2025-11-05 08:21:39 | INFO | 循环 #616 完成，等待 1775.5 秒进入下一轮。
2025-11-05 08:51:15 | INFO | ===== 自动化循环 #617 开始 =====
2025-11-05 08:51:15 | INFO | 模拟关键词：国药准字S
2025-11-05 08:51:36 | INFO | 翻页完成。
2025-11-05 08:51:38 | INFO | 循环 #617 完成，等待 1777.0 秒进入下一轮。
2025-11-05 09:21:15 | INFO | ===== 自动化循环 #618 开始 =====
2025-11-05 09:21:15 | INFO | 模拟关键词：国药准字Z
2025-11-05 09:21:37 | INFO | 翻页完成。
2025-11-05 09:21:38 | INFO | 循环 #618 完成，等待 1776.3 秒进入下一轮。
2025-11-05 09:51:15 | INFO | ===== 自动化循环 #619 开始 =====
2025-11-05 09:51:15 | INFO | 模拟关键词：国药准字Z
2025-11-05 09:51:37 | INFO | 翻页完成。
2025-11-05 09:51:39 | INFO | 循环 #619 完成，等待 1775.7 秒进入下一轮。
2025-11-05 10:21:15 | INFO | ===== 自动化循环 #620 开始 =====
2025-11-05 10:21:15 | INFO | 模拟关键词：国药准字H
2025-11-05 10:21:36 | INFO | 翻页完成。
2025-11-05 10:21:38 | INFO | 循环 #620 完成，等待 1777.0 秒进入下一轮。
2025-11-05 10:51:15 | INFO | ===== 自动化循环 #621 开始 =====
2025-11-05 10:51:15 | INFO | 模拟关键词：国药准字H
2025-11-05 10:51:35 | INFO | 翻页完成。
2025-11-05 10:51:36 | INFO | 循环 #621 完成，等待 1778.1 秒进入下一轮。
2025-11-05 11:21:15 | INFO | ===== 自动化循环 #622 开始 =====
2025-11-05 11:21:15 | INFO | 模拟关键词：国药准字H
2025-11-05 11:21:36 | INFO | 翻页完成。
2025-11-05 11:21:38 | INFO | 循环 #622 完成，等待 1777.0 秒进入下一轮。
2025-11-05 11:51:15 | INFO | ===== 自动化循环 #623 开始 =====
2025-11-05 11:51:15 | INFO | 模拟关键词：国药准字S
2025-11-05 11:51:36 | INFO | 翻页完成。
2025-11-05 11:51:38 | INFO | 循环 #623 完成，等待 1776.4 秒进入下一轮。
2025-11-05 12:21:15 | INFO | ===== 自动化循环 #624 开始 =====
2025-11-05 12:21:15 | INFO | 模拟关键词：国药准字Z
2025-11-05 12:21:38 | INFO | 翻页完成。
2025-11-05 12:21:39 | INFO | 循环 #624 完成，等待 1775.5 秒进入下一轮。
2025-11-05 12:51:15 | INFO | ===== 自动化循环 #625 开始 =====
2025-11-05 12:51:15 | INFO | 模拟关键词：国药准字Z
2025-11-05 12:51:37 | INFO | 翻页完成。
2025-11-05 12:51:38 | INFO | 循环 #625 完成，等待 1776.1 秒进入下一轮。
2025-11-05 13:21:15 | INFO | ===== 自动化循环 #626 开始 =====
2025-11-05 13:21:15 | INFO | 模拟关键词：国药准字H
2025-11-05 13:21:37 | INFO | 翻页完成。
2025-11-05 13:21:39 | INFO | 循环 #626 完成，等待 1776.1 秒进入下一轮。
2025-11-05 13:51:15 | INFO | ===== 自动化循环 #627 开始 =====
2025-11-05 13:51:15 | INFO | 模拟关键词：国药准字H
2025-11-05 13:51:38 | INFO | 翻页完成。
2025-11-05 13:51:39 | INFO | 循环 #627 完成，等待 1775.9 秒进入下一轮。
2025-11-05 14:21:15 | INFO | ===== 自动化循环 #628 开始 =====
2025-11-05 14:21:15 | INFO | 模拟关键词：国药准字S
2025-11-05 14:21:35 | INFO | 翻页完成。
2025-11-05 14:21:37 | INFO | 循环 #628 完成，等待 1777.3 秒进入下一轮。
2025-11-05 14:51:15 | INFO | ===== 自动化循环 #629 开始 =====
2025-11-05 14:51:15 | INFO | 模拟关键词：国药准字H
2025-11-05 14:51:37 | INFO | 翻页完成。
2025-11-05 14:51:38 | INFO | 循环 #629 完成，等待 1776.4 秒进入下一轮。
2025-11-05 15:21:15 | INFO | ===== 自动化循环 #630 开始 =====
2025-11-05 15:21:15 | INFO | 模拟关键词：国药准字H
2025-11-05 15:21:36 | INFO | 翻页完成。
2025-11-05 15:21:37 | INFO | 循环 #630 完成，等待 1777.3 秒进入下一轮。
2025-11-05 15:51:15 | INFO | ===== 自动化循环 #631 开始 =====
2025-11-05 15:51:15 | INFO | 模拟关键词：国药准字S
2025-11-05 15:51:36 | INFO | 翻页完成。
2025-11-05 15:51:38 | INFO | 循环 #631 完成，等待 1776.9 秒进入下一轮。
2025-11-05 16:21:15 | INFO | ===== 自动化循环 #632 开始 =====
2025-11-05 16:21:15 | INFO | 模拟关键词：国药准字Z
2025-11-05 16:21:37 | INFO | 翻页完成。
2025-11-05 16:21:39 | INFO | 循环 #632 完成，等待 1775.6 秒进入下一轮。
2025-11-05 16:51:15 | INFO | ===== 自动化循环 #633 开始 =====
2025-11-05 16:51:15 | INFO | 模拟关键词：国药准字H
2025-11-05 16:51:35 | INFO | 翻页完成。
2025-11-05 16:51:37 | INFO | 循环 #633 完成，等待 1777.5 秒进入下一轮。
2025-11-05 17:21:15 | INFO | ===== 自动化循环 #634 开始 =====
2025-11-05 17:21:15 | INFO | 模拟关键词：国药准字S
2025-11-05 17:21:38 | INFO | 翻页完成。
2025-11-05 17:21:40 | INFO | 循环 #634 完成，等待 1775.0 秒进入下一轮。
2025-11-05 17:51:15 | INFO | ===== 自动化循环 #635 开始 =====
2025-11-05 17:51:15 | INFO | 模拟关键词：国药准字S
2025-11-05 17:51:35 | INFO | 翻页完成。
2025-11-05 17:51:37 | INFO | 循环 #635 完成，等待 1778.0 秒进入下一轮。
2025-11-05 18:21:15 | INFO | ===== 自动化循环 #636 开始 =====
2025-11-05 18:21:15 | INFO | 模拟关键词：国药准字S
2025-11-05 18:21:35 | INFO | 翻页完成。
2025-11-05 18:21:37 | INFO | 循环 #636 完成，等待 1778.0 秒进入下一轮。
2025-11-05 18:51:15 | INFO | ===== 自动化循环 #637 开始 =====
2025-11-05 18:51:15 | INFO | 模拟关键词：国药准字H
2025-11-05 18:51:37 | INFO | 翻页完成。
2025-11-05 18:51:38 | INFO | 循环 #637 完成，等待 1776.6 秒进入下一轮。
2025-11-05 19:21:15 | INFO | ===== 自动化循环 #638 开始 =====
2025-11-05 19:21:15 | INFO | 模拟关键词：国药准字Z
2025-11-05 19:21:37 | INFO | 翻页完成。
2025-11-05 19:21:39 | INFO | 循环 #638 完成，等待 1775.6 秒进入下一轮。
2025-11-05 19:51:15 | INFO | ===== 自动化循环 #639 开始 =====
2025-11-05 19:51:15 | INFO | 模拟关键词：国药准字Z
2025-11-05 19:51:35 | INFO | 翻页完成。
2025-11-05 19:51:37 | INFO | 循环 #639 完成，等待 1778.0 秒进入下一轮。
